IDORGANIZATION;IDMONTH;IDYEAR;FLOW;LOSE;ADDITION
688;4;1;59;0;0
688;11;1;31;0;0
688;12;1;6;0;0
688;2;2;21;0;0
688;3;2;10;0;0
688;6;2;0;0;0
688;11;2;36;0;0
688;12;2;35;0;0
688;4;3;9;0;0
688;1;4;46;0;0
689;12;4;224;0;0
689;12;1;55;0;0
689;1;5;357;0;0
689;2;5;223;0;0
689;3;5;168;0;0
689;4;5;20;0;0
689;12;5;202;0;0
689;1;6;240;0;0
689;2;6;223;0;0
689;3;6;76;0;0
689;4;6;8;0;0
689;12;6;322;0;0
689;1;2;56;0;0
689;2;2;33;0;0
689;1;7;299;0;0
689;2;7;254;0;0
689;3;7;195;0;0
689;12;7;300;0;0
689;1;8;512;0;0
689;2;8;387;0;0
689;3;8;284;0;0
689;4;8;46;0;0
689;6;2;0;0;0
689;11;7;284;0;0
689;11;8;191;0;0
689;12;8;500;0;0
689;10;9;41;0;0
689;1;9;431;0;0
689;2;9;587;0;0
689;3;9;247;0;0
689;4;9;78;0;0
690;1;2;458;0;0
690;4;1;8;0;0
690;3;2;334;0;0
690;12;1;465;0;0
690;11;1;335;0;0
690;2;2;459;0;0
690;6;2;0;0;0
690;1;3;665;0;0
690;2;3;746;0;0
690;12;2;735;0;0
690;3;3;132;0;0
690;3;1;282;0;0
691;3;2;641;0;ËÍÐ
691;2;2;490;0;ËÍÐ
691;4;2;237;0;ËÍÐ
691;6;2;161;0;ËÍÐ
691;6;2;161;0;ËÍÐ
691;2;4;202;0;ËÍÐ
691;11;3;216;0;ËÍÐ
691;12;3;223;0;ËÍÐ
691;1;4;223;0;ËÍÐ
691;5;4;85;0;0
691;5;4;85;0;0
691;6;4;66;0;0
691;7;4;63;0;0
691;9;4;102;0;0
691;10;4;70;0;0
691;11;4;384;0;0
691;12;4;525;0;0
691;1;5;686;0;0
691;2;5;604;0;0
691;3;5;514;0;0
691;4;1;492;0;0
691;4;5;224;0;0
691;3;2;231;0;0
691;5;5;82;0;0
691;6;5;48;0;0
691;7;5;35;0;0
691;8;5;37;0;0
691;9;5;51;0;0
691;10;5;92;0;0
691;11;5;277;0;0
691;12;5;504;0;0
691;1;6;580;0;0
691;2;6;423;0;0
691;3;6;252;0;0
691;4;6;112;0;0
691;12;1;228;0;0
691;5;6;48;0;0
691;11;1;243;0;0
691;7;6;119;0;0
691;8;6;100;0;0
691;9;6;38;0;0
691;10;6;68;0;0
691;11;6;280;0;0
691;12;6;617;0;0
691;2;2;209;0;0
691;1;7;728;0;0
691;2;7;691;0;0
691;3;7;681;0;0
691;7;7;206;0;0
691;8;7;40;0;0
691;9;7;60;0;0
691;12;7;455;0;0
691;1;8;603;0;0
691;2;8;450;0;0
691;4;2;94;0;0
691;3;8;518;0;0
691;4;8;273;0;0
691;5;8;44;0;0
691;6;8;21;0;0
691;10;7;123;0;0
691;6;2;0;0;0
691;11;7;89;0;0
691;7;8;20;0;0
691;8;8;25;0;0
691;9;8;13;0;0
691;10;8;19;0;0
691;10;3;122;0;0
691;11;8;125;0;0
691;12;8;665;0;0
691;10;9;49;0;0
691;1;9;407;0;0
691;2;9;703;0;0
691;1;3;658;0;0
691;3;9;340;0;0
691;4;9;189;0;0
691;5;9;38;0;0
691;6;9;32;0;0
691;7;9;40;0;0
691;8;9;33;0;0
691;9;9;33;0;0
691;2;3;882;0;0
691;4;4;210;0;0
691;8;3;73;0;0
691;4;3;301;0;0
691;2;4;559;0;0
691;9;3;103;0;0
691;11;3;292;0;0
691;5;3;186;0;0
691;12;3;492;0;0
691;3;4;576;0;0
691;6;3;55;0;0
691;1;4;634;0;0
691;7;3;67;0;0
691;3;3;483;0;0
691;1;2;268;1;0
691;2;1;996;0;0
692;5;3;160;0;ËÍÐ
692;5;4;122;0;0
692;5;4;122;0;0
692;7;4;100;0;0
692;9;4;92;0;0
692;10;4;326;0;0
692;11;4;1281;0;0
692;12;4;1260;0;0
692;1;2;1435;0;0
692;1;5;1855;0;0
692;2;5;1410;0;0
692;3;5;1191;0;0
692;4;1;475;0;0
692;4;5;677;0;0
692;5;5;102;0;0
692;8;5;100;0;0
692;9;1;783;0;0
692;11;5;845;0;0
692;12;5;258;0;0
692;1;6;2035;0;0
692;2;6;1166;0;0
692;10;1;141;0;0
692;3;6;703;0;0
692;4;6;774;0;0
692;12;1;1092;0;0
692;5;6;106;0;0
692;6;6;20;0;0
692;11;1;386;0;0
692;7;6;20;0;0
692;9;6;326;0;0
692;12;6;1561;0;0
692;2;2;1888;0;0
692;1;7;2050;0;0
692;2;7;1905;0;0
692;3;7;1632;0;0
692;3;2;1940;0;0
692;12;7;2500;0;0
692;1;8;1696;0;0
692;2;8;1200;0;0
692;3;8;1011;0;0
692;4;8;760;0;0
692;5;8;95;0;0
692;6;8;70;0;0
692;6;2;0;0;0
692;7;8;107;0;0
692;8;8;121;0;0
692;9;8;57;0;0
692;10;8;598;0;0
692;11;8;1045;0;0
692;12;8;1550;0;0
692;10;9;658;0;0
692;1;9;1412;0;0
692;2;9;1961;0;0
692;1;3;1569;0;0
692;3;9;785;0;0
692;4;9;735;0;0
692;5;9;385;0;0
692;6;9;69;0;0
692;7;9;69;0;0
692;8;9;76;0;0
692;9;9;47;0;0
692;2;3;1434;0;0
692;4;4;583;0;0
692;10;2;1061;0;0
692;12;2;1568;0;0
692;8;3;98;0;0
692;4;3;181;0;0
692;2;4;1511;0;0
692;9;3;104;0;0
692;11;3;924;0;0
692;10;3;57;0;0
692;12;3;1250;0;0
692;3;4;1440;0;0
692;1;4;1781;0;0
692;7;3;200;0;0
692;3;3;949;0;0
692;6;3;121;1;0
692;3;1;4993;0;0
693;6;1;40;0;ëíð
693;5;4;37;0;0
693;5;4;37;0;0
693;6;4;38;0;0
693;9;4;66;0;0
693;11;4;264;0;0
693;12;4;728;0;0
693;1;2;17;0;0
693;1;5;853;0;0
693;2;5;767;0;0
693;3;5;547;0;0
693;4;5;15;0;0
693;5;5;36;0;0
693;6;5;37;0;0
693;7;5;30;0;0
693;8;5;35;0;0
693;11;1;100;0;0
693;12;5;88;0;0
693;3;6;22;0;0
693;12;1;68;0;0
693;7;6;20;0;0
693;11;6;25;0;0
693;1;7;23;0;0
693;7;7;20;0;0
693;9;7;42;0;0
693;1;8;41;0;0
693;3;8;25;0;0
693;5;8;14;0;0
693;6;2;0;0;0
693;11;7;34;0;0
693;7;8;85;0;0
693;8;8;113;0;0
693;9;8;27;0;0
693;11;8;17;0;0
693;12;8;20;0;0
693;10;9;42;0;0
693;1;9;26;0;0
693;2;9;31;0;0
693;3;9;37;0;0
693;4;9;28;0;0
693;5;9;23;0;0
693;6;9;10;0;0
693;9;9;31;0;0
693;4;4;45;0;0
693;2;4;406;0;0
693;9;3;109;0;0
693;11;3;161;0;0
693;12;3;581;0;0
693;3;4;937;0;0
693;1;4;900;0;0
693;9;5;32;1;0
693;2;6;79;1;0
693;6;6;31;1;0
693;9;6;23;1;0
693;3;7;44;4;0
693;2;1;302;0;0
693;4;1;129;0;0
694;11;4;1383;0;0
694;12;4;1692;0;0
694;1;2;1334;0;0
694;1;5;2029;0;0
694;2;5;1502;0;0
694;3;5;1397;0;0
694;4;1;532;0;0
694;4;5;114;0;0
694;3;2;1011;0;0
694;11;5;1218;0;0
694;12;5;1384;0;0
694;1;6;2174;0;0
694;2;6;1769;0;0
694;3;6;845;0;0
694;4;6;476;0;0
694;12;1;1592;0;0
694;11;1;668;0;0
694;11;6;1265;0;0
694;12;6;1986;0;0
694;2;2;1145;0;0
694;1;7;2099;0;0
694;2;7;1890;0;0
694;3;7;1432;0;0
694;12;7;1489;0;0
694;1;8;1910;0;0
694;2;8;1835;0;0
694;4;2;158;0;0
694;3;8;1569;0;0
694;4;8;642;0;0
694;10;7;335;0;0
694;6;2;0;0;0
694;11;7;1219;0;0
694;10;8;345;0;0
694;11;8;1188;0;0
694;12;8;1630;0;0
694;10;9;365;0;0
694;1;9;2142;0;0
694;2;9;2395;0;0
694;1;3;1870;0;0
694;3;9;1194;0;0
694;4;9;635;0;0
694;2;3;1760;0;0
694;4;4;332;0;0
694;10;2;519;0;0
694;11;2;1242;0;0
694;12;2;1879;0;0
694;4;3;195;0;0
694;3;4;1593;0;0
694;3;3;1128;0;0
694;2;1;1931;0;0
695;11;4;371;0;0
695;12;4;482;0;0
695;1;2;683;0;0
695;1;5;684;0;0
695;2;5;415;0;0
695;3;5;370;0;0
695;4;1;288;0;0
695;4;5;31;0;0
695;3;2;310;0;0
695;11;5;305;0;0
695;12;5;434;0;0
695;1;6;585;0;0
695;2;6;553;0;0
695;3;6;423;0;0
695;4;6;21;0;0
695;12;1;600;0;0
695;11;1;683;0;0
695;11;6;314;0;0
695;12;6;567;0;0
695;2;2;504;0;0
695;1;7;630;0;0
695;2;7;551;0;0
695;3;7;594;0;0
695;12;7;590;0;0
695;1;8;472;0;0
695;2;8;461;0;0
695;4;2;26;0;0
695;3;8;325;0;0
695;4;8;260;0;0
695;6;2;0;0;0
695;11;7;419;0;0
695;11;8;302;0;0
695;12;8;502;0;0
695;10;9;37;0;0
695;1;9;511;0;0
695;2;9;598;0;0
695;1;3;780;0;0
695;3;9;394;0;0
695;4;9;83;0;0
695;2;3;741;0;0
695;4;4;145;0;0
695;10;2;161;0;0
695;11;2;435;0;0
695;12;2;827;0;0
695;4;3;53;0;0
695;2;4;655;0;0
695;11;3;427;0;0
695;10;3;43;0;0
695;12;3;333;0;0
695;3;4;685;0;0
695;1;4;537;0;0
695;3;3;435;0;0
696;4;2;3;0;0
696;2;2;95;0;0
696;3;2;13;0;0
696;6;2;0;0;0
697;11;4;332;0;0
697;12;4;354;0;0
697;1;2;140;0;0
697;1;5;448;0;0
697;2;5;359;0;0
697;3;5;320;0;0
697;4;5;182;0;0
697;10;5;72;0;0
697;11;5;257;0;0
697;12;5;331;0;0
697;1;6;353;0;0
697;2;6;395;0;0
697;3;6;291;0;0
697;4;6;95;0;0
697;10;6;54;0;0
697;11;6;241;0;0
697;12;6;348;0;0
697;2;2;107;0;0
697;1;7;427;0;0
697;2;7;367;0;0
697;3;7;326;0;0
697;12;7;410;0;0
697;1;8;320;0;0
697;3;2;97;0;0
697;2;8;365;0;0
697;4;2;26;0;0
697;3;8;286;0;0
697;4;8;252;0;0
697;10;7;68;0;0
697;6;2;0;0;0
697;11;7;269;0;0
697;10;8;74;0;0
697;11;8;217;0;0
697;12;8;365;0;0
697;10;9;54;0;0
697;1;9;272;0;0
697;2;9;387;0;0
697;1;3;134;0;0
697;3;9;228;0;0
697;4;9;128;0;0
697;2;3;211;0;0
697;4;4;193;0;0
697;11;2;145;0;0
697;12;2;221;0;0
697;4;3;40;0;0
697;2;4;350;0;0
697;3;4;360;0;0
697;1;4;374;0;0
697;3;3;70;0;0
698;6;2;0;0;0
699;1;2;369;0;0
699;1;5;519;0;0
699;2;5;412;0;0
699;3;2;225;0;0
699;11;5;150;0;0
699;11;6;200;0;0
699;2;2;283;0;0
699;6;2;0;0;0
699;11;8;438;0;0
699;10;9;0;0;0
699;1;3;435;0;0
699;12;3;380;0;0
699;4;1;19;8;0
699;4;4;120;10;0
699;2;7;614;14;0
699;2;8;272;14;0
699;2;9;875;14;0
699;2;3;455;14;0
699;2;4;539;14;0
699;2;6;750;15;0
699;11;2;100;15;0
699;12;5;557;16;0
699;1;6;383;16;0
699;3;6;432;16;0
699;12;6;502;16;0
699;1;7;550;16;0
699;3;7;505;16;0
699;12;7;515;16;0
699;1;8;493;16;0
699;3;8;380;16;0
699;12;8;650;16;0
699;1;9;478;16;0
699;3;9;338;16;0
699;12;4;469;17;0
699;12;1;364;17;0
699;12;2;402;17;0
699;3;4;440;17;0
699;1;4;446;17;0
699;3;3;256;17;0
699;11;7;457;20;0
699;3;5;754;33;0
700;1;2;116;0;0
700;4;1;1;0;0
700;5;5;1021;0;0
700;6;5;926;0;0
700;9;5;891;0;0
700;10;5;940;0;0
700;11;5;705;0;0
700;12;5;705;0;0
700;1;6;836;0;0
700;2;6;850;0;0
700;3;6;857;0;0
700;4;6;810;0;0
700;5;6;755;0;0
700;6;6;496;0;0
700;7;6;1049;0;0
700;11;6;865;0;0
700;2;2;25;0;0
700;7;7;656;0;0
700;3;2;82;0;0
700;6;2;0;0;0
700;10;8;561;0;0
700;11;8;600;0;0
700;1;3;36;0;0
700;2;3;137;0;0
700;12;2;178;0;0
700;3;3;55;0;0
700;8;6;300;1;0
700;9;6;581;1;0
700;10;6;967;1;0
700;12;6;900;1;0
700;1;7;800;1;0
700;2;7;467;1;0
700;3;7;764;1;0
700;6;7;728;1;0
700;8;7;856;1;0
700;9;7;830;1;0
700;12;7;130;1;0
700;1;8;971;1;0
700;2;8;866;1;0
700;3;8;513;1;0
700;4;8;839;1;0
700;5;8;650;1;0
700;6;8;738;1;0
700;10;7;849;1;0
700;11;7;700;1;0
700;7;8;701;1;0
700;8;8;519;1;0
700;9;8;551;1;0
700;12;8;701;1;0
700;10;9;584;1;0
700;1;9;717;1;0
700;2;9;555;1;0
700;3;9;591;1;0
700;4;9;636;1;0
700;5;9;750;1;0
700;6;9;763;1;0
700;7;9;779;1;0
700;8;9;751;1;0
700;9;9;733;1;0
700;4;5;903;13;0
700;1;5;1770;19;0
700;3;5;270;19;0
701;12;4;161;0;0
701;1;2;419;0;0
701;1;5;364;0;0
701;2;5;211;0;0
701;4;1;92;0;0
701;12;5;60;0;0
701;1;6;242;0;0
701;2;6;216;0;0
701;3;6;23;0;0
701;12;1;334;0;0
701;12;6;211;0;0
701;2;2;281;0;0
701;1;7;264;0;0
701;2;7;160;0;0
701;3;7;251;0;0
701;12;7;209;0;0
701;1;8;295;0;0
701;3;2;193;0;0
701;2;8;236;0;0
701;4;2;24;0;0
701;3;8;210;0;0
701;4;8;35;0;0
701;6;2;0;0;0
701;12;8;320;0;0
701;10;9;0;0;0
701;1;9;291;0;0
701;2;9;298;0;0
701;1;3;366;0;0
701;3;9;130;0;0
701;4;9;16;0;0
701;2;3;395;0;0
701;4;4;64;0;0
701;11;2;295;0;0
701;12;2;407;0;0
701;4;3;14;0;0
701;2;4;354;0;0
701;11;3;126;0;0
701;12;3;256;0;0
701;3;4;364;0;0
701;1;4;361;0;0
701;3;3;204;0;0
701;3;5;123;23;0
702;12;4;500;0;0
702;1;5;350;0;0
702;2;5;300;0;0
702;3;5;250;0;0
702;4;1;1662;0;0
702;11;5;332;0;0
702;12;5;309;0;0
702;1;6;300;0;0
702;2;6;377;0;0
702;3;6;320;0;0
702;4;6;48;0;0
702;12;6;441;0;0
702;1;7;448;0;0
702;2;7;386;0;0
702;3;7;296;0;0
702;12;7;450;0;0
702;1;8;470;0;0
702;2;8;315;0;0
702;3;8;270;0;0
702;4;8;231;0;0
702;6;2;0;0;0
702;11;8;125;0;0
702;12;8;386;0;0
702;10;9;0;0;0
702;1;9;430;0;0
702;2;9;270;0;0
702;1;3;200;0;0
702;3;9;561;0;0
702;4;9;117;0;0
702;2;3;200;0;0
702;4;4;1183;0;0
702;11;2;163;0;0
702;12;2;979;0;0
702;2;4;474;0;0
702;12;3;300;0;0
702;3;4;269;0;0
702;1;4;206;0;0
702;3;3;100;0;0
703;10;4;664;0;0
703;11;4;1928;0;0
703;12;4;1977;0;0
703;1;2;1647;0;0
703;1;5;2770;0;0
703;2;5;2885;0;0
703;3;5;2980;0;0
703;4;5;705;0;0
703;11;5;2484;0;0
703;12;5;3467;0;0
703;1;6;3124;0;0
703;2;6;3197;0;0
703;3;6;1672;0;0
703;4;6;1839;0;0
703;12;1;2137;0;0
703;11;6;2821;0;0
703;2;2;1593;0;0
703;6;2;0;0;0
703;11;8;3040;0;0
703;12;8;4900;0;0
703;10;9;0;0;0
703;1;9;2402;0;0
703;2;9;3546;0;0
703;3;9;2718;0;0
703;4;9;2066;0;0
703;2;3;1833;0;0
703;4;4;639;0;0
703;10;2;773;0;0
703;4;3;1794;0;0
703;2;4;2990;0;0
703;11;3;2774;0;0
703;10;3;566;0;0
703;12;3;1598;0;0
703;3;4;2465;0;0
703;1;4;1684;0;0
703;3;3;1498;0;0
703;12;6;3375;1;0
703;1;7;3819;1;0
703;2;7;3589;1;0
703;3;7;3097;1;0
703;12;7;3150;1;0
703;1;8;3048;1;0
703;2;8;2500;1;0
703;3;8;5632;1;0
703;4;8;617;1;0
703;11;7;3976;1;0
703;4;1;129;0;0
704;5;4;241;0;0
704;2;5;176;0;0
704;4;1;788;0;0
704;6;5;310;0;0
704;10;5;153;0;0
704;11;5;206;0;0
704;10;6;144;0;0
704;11;6;207;0;0
704;12;6;206;0;0
704;4;2;303;0;0
704;6;2;0;0;0
704;2;7;209;14;0
704;2;8;296;14;0
704;2;9;535;14;0
704;6;4;145;15;0
704;4;5;203;15;0
704;9;5;131;15;0
704;2;6;192;15;0
704;4;6;109;15;0
704;9;6;119;15;0
704;6;7;130;15;0
704;9;7;141;15;0
704;4;8;231;15;0
704;6;8;209;15;0
704;11;7;212;15;0
704;9;8;208;15;0
704;11;8;264;15;0
704;4;9;230;15;0
704;6;9;321;15;0
704;9;9;425;15;0
704;5;4;241;16;0
704;12;4;159;16;0
704;1;5;192;16;0
704;3;5;189;16;0
704;12;5;156;16;0
704;1;6;206;16;0
704;3;6;215;16;0
704;8;6;248;16;0
704;1;7;301;16;0
704;3;7;163;16;0
704;7;7;128;16;0
704;8;7;108;16;0
704;12;7;316;16;0
704;1;8;287;16;0
704;3;8;425;16;0
704;5;8;265;16;0
704;10;7;200;16;0
704;7;8;235;16;0
704;8;8;188;16;0
704;10;8;290;16;0
704;12;8;700;16;0
704;10;9;443;16;0
704;1;9;501;16;0
704;3;9;520;16;0
704;5;9;258;16;0
704;7;9;343;16;0
704;8;9;390;16;0
704;8;5;254;32;0
704;7;6;335;47;0
704;11;4;713;79;0
704;4;4;1615;375;0
705;6;1;748;0;30
705;8;1;670;0;31
705;5;1;675;0;31
705;5;4;1160;0;0
705;5;5;1624;0;0
705;6;5;1603;0;0
705;10;5;1510;0;0
705;11;5;1939;0;0
705;11;6;2697;0;0
705;10;9;9310;1;0
705;4;9;9266;1;0
705;7;9;8500;1;0
705;8;9;8606;1;0
705;9;9;8784;1;0
705;2;5;2639;14;0
705;9;4;1135;15;0
705;11;4;1765;15;0
705;4;5;1711;15;0
705;9;5;1514;15;0
705;2;6;2620;15;0
705;6;6;1316;15;0
705;9;6;1545;15;0
705;6;7;1806;15;0
705;9;7;1865;15;0
705;2;8;3837;15;0
705;4;8;2101;15;0
705;6;8;1768;15;0
705;11;7;2900;15;0
705;11;8;3192;15;0
705;2;9;3777;15;0
705;4;4;1054;15;0
705;2;4;2419;15;0
705;9;3;729;15;0
705;5;4;1160;16;0
705;6;4;1096;16;0
705;7;4;1079;16;0
705;8;4;1148;16;0
705;10;4;1143;16;0
705;12;4;2417;16;0
705;1;5;2806;16;0
705;3;5;2479;16;0
705;7;5;1457;16;0
705;8;5;1532;16;0
705;12;5;2123;16;0
705;1;6;2642;16;0
705;3;6;1805;16;0
705;4;6;1460;16;0
705;5;6;1431;16;0
705;7;6;1193;16;0
705;8;6;1376;16;0
705;10;6;1684;16;0
705;12;6;4017;16;0
705;1;7;3556;16;0
705;2;7;3474;16;0
705;3;7;3445;16;0
705;7;7;1747;16;0
705;8;7;1696;16;0
705;12;7;3954;16;0
705;1;8;4241;16;0
705;3;8;3982;16;0
705;5;8;2244;16;0
705;10;7;2276;16;0
705;7;8;1741;16;0
705;8;8;1871;16;0
705;9;8;1963;16;0
705;10;8;2390;16;0
705;12;8;3520;16;0
705;1;9;4269;16;0
705;5;9;8699;16;0
705;6;9;8585;16;0
705;8;3;725;16;0
705;11;3;1134;16;0
705;10;3;822;16;0
705;12;3;1578;16;0
705;3;4;2198;16;0
705;1;4;2145;16;0
705;7;3;669;16;0
705;3;9;7465;17;0
705;2;3;1741;28;0
705;2;2;1234;29;0
705;9;1;632;30;0
705;11;1;843;30;0
705;4;2;597;30;0
705;7;2;595;30;0
705;9;2;640;30;0
705;11;2;1247;30;0
705;4;3;758;30;0
705;6;3;739;30;0
705;1;2;2004;31;0
705;3;2;649;31;0
705;10;1;725;31;0
705;12;1;989;31;0
705;5;2;517;31;0
705;6;2;490;31;0
705;6;2;490;31;0
705;8;2;596;31;0
705;1;3;2272;31;0
705;10;2;822;31;0
705;12;2;2206;31;0
705;5;3;789;31;0
705;3;3;931;31;0
705;3;1;1051;0;0
705;4;1;568;0;0
705;7;1;0;0;0
706;11;4;98;0;0
706;12;4;72;0;0
706;1;5;100;0;0
706;2;5;100;0;0
706;3;5;42;0;0
706;4;5;100;0;0
706;12;5;42;0;0
706;1;6;118;0;0
706;2;6;54;0;0
706;3;6;50;0;0
706;8;6;140;0;0
706;9;6;14;0;0
706;10;6;37;0;0
706;11;6;241;0;0
706;12;6;460;0;0
706;1;7;519;0;0
706;2;7;512;0;0
706;3;7;570;0;0
706;6;7;186;0;0
706;7;7;32;0;0
706;8;7;37;0;0
706;9;7;45;0;0
706;12;7;350;0;0
706;1;8;322;0;0
706;2;8;200;0;0
706;3;8;325;0;0
706;4;8;159;0;0
706;5;8;42;0;0
706;6;8;46;0;0
706;10;7;80;0;0
706;11;7;125;0;0
706;6;2;0;0;0
706;7;8;34;0;0
706;8;8;40;0;0
706;9;8;26;0;0
706;10;8;61;0;0
706;11;8;144;0;0
706;12;8;868;0;0
706;10;9;65;0;0
706;1;9;100;0;0
706;2;9;90;0;0
706;1;3;124;0;0
706;3;9;206;0;0
706;4;9;85;0;0
706;5;9;34;0;0
706;6;9;30;0;0
706;7;9;25;0;0
706;8;9;24;0;0
706;9;9;23;0;0
706;2;3;149;0;0
706;4;4;200;0;0
706;10;2;311;0;0
706;11;2;83;0;0
706;12;2;128;0;0
706;4;3;129;0;0
706;11;3;45;0;0
706;5;3;23;0;0
706;12;3;35;0;0
706;1;4;94;0;0
706;3;3;116;0;0
707;5;4;70;0;0
707;5;4;70;0;0
707;6;4;61;0;0
707;7;4;35;0;0
707;8;4;25;0;0
707;9;4;53;0;0
707;10;4;183;0;0
707;11;4;676;0;0
707;12;4;823;0;0
707;1;5;1037;0;0
707;2;5;839;0;0
707;3;5;812;0;0
707;4;5;20;0;0
707;3;2;578;0;0
707;5;5;22;0;0
707;6;5;25;0;0
707;7;5;27;0;0
707;8;5;20;0;0
707;9;5;29;0;0
707;10;5;293;0;0
707;11;5;280;0;0
707;12;5;355;0;0
707;1;6;443;0;0
707;2;6;325;0;0
707;3;6;399;0;0
707;12;1;1176;0;0
707;4;6;92;0;0
707;5;6;23;0;0
707;7;6;10;0;0
707;8;6;30;0;0
707;9;6;186;0;0
707;10;6;205;0;0
707;11;6;441;0;0
707;12;6;672;0;0
707;2;2;449;0;0
707;1;7;1002;0;0
707;2;7;926;0;0
707;3;7;800;0;0
707;6;7;15;0;0
707;7;7;12;0;0
707;12;7;800;0;0
707;1;8;583;0;0
707;2;8;711;0;0
707;3;8;373;0;0
707;4;8;205;0;0
707;5;8;209;0;0
707;6;8;66;0;0
707;10;7;28;0;0
707;11;7;319;0;0
707;6;2;0;0;0
707;7;8;20;0;0
707;8;8;15;0;0
707;9;8;20;0;0
707;10;8;69;0;0
707;11;8;339;0;0
707;12;8;1151;0;0
707;10;9;23;0;0
707;1;9;382;0;0
707;2;9;1020;0;0
707;1;3;1030;0;0
707;3;9;1059;0;0
707;4;9;395;0;0
707;5;9;76;0;0
707;6;9;60;0;0
707;7;9;66;0;0
707;8;9;80;0;0
707;9;9;63;0;0
707;2;3;773;0;0
707;4;4;342;0;0
707;11;2;1275;0;0
707;8;3;100;0;0
707;12;2;618;0;0
707;4;3;123;0;0
707;2;4;865;0;0
707;9;3;102;0;0
707;11;3;279;0;0
707;5;3;32;0;0
707;10;3;130;0;0
707;12;3;450;0;0
707;3;4;950;0;0
707;6;3;51;0;0
707;1;4;950;0;0
707;7;3;60;0;0
707;3;3;155;0;0
707;4;1;402;0;0
708;10;4;357;0;0
708;11;4;900;0;0
708;12;4;1200;0;0
708;1;2;415;0;0
708;1;5;500;0;0
708;2;5;300;0;0
708;3;5;406;0;0
708;4;5;408;0;0
708;3;2;482;0;0
708;10;5;226;0;0
708;11;5;336;0;0
708;12;5;1201;0;0
708;1;6;800;0;0
708;2;6;300;0;0
708;3;6;484;0;0
708;12;1;1088;0;0
708;4;6;435;0;0
708;11;1;739;0;0
708;11;6;528;0;0
708;12;6;1996;0;0
708;2;2;960;0;0
708;1;7;300;0;0
708;2;7;300;0;0
708;3;7;50;0;0
708;1;8;500;0;0
708;4;2;182;0;0
708;3;8;301;0;0
708;11;7;500;0;0
708;6;2;0;0;0
708;10;9;0;0;0
708;1;3;526;0;0
708;2;3;847;0;0
708;10;2;369;0;0
708;11;2;681;0;0
708;12;2;1200;0;0
708;4;3;504;0;0
708;2;4;634;0;0
708;11;3;657;0;0
708;10;3;162;0;0
708;12;3;1200;0;0
708;1;4;499;0;0
708;3;3;773;0;0
708;10;6;300;1;0
708;2;8;500;1;0
708;4;8;300;1;0
708;10;8;385;1;0
708;11;8;540;1;0
708;12;8;370;1;0
708;1;9;1131;1;0
708;2;9;981;1;0
708;3;9;537;1;0
708;4;9;394;1;0
708;12;7;1200;2;0
709;11;4;712;0;0
709;12;4;682;0;0
709;1;2;931;0;0
709;1;5;1090;0;0
709;2;5;1090;0;0
709;3;5;206;0;0
709;4;5;165;0;0
709;3;2;842;0;0
709;11;5;450;0;0
709;12;5;711;0;0
709;1;6;682;0;0
709;2;6;773;0;0
709;3;6;395;0;0
709;12;1;817;0;0
709;4;6;233;0;0
709;5;6;222;0;0
709;6;6;72;0;0
709;7;6;34;0;0
709;8;6;55;0;0
709;11;6;440;0;0
709;12;6;701;0;0
709;2;2;708;0;0
709;1;7;813;0;0
709;2;7;655;0;0
709;3;7;659;0;0
709;6;7;91;0;0
709;12;7;728;0;0
709;1;8;650;0;0
709;2;8;708;0;0
709;4;2;146;0;0
709;3;8;490;0;0
709;4;8;365;0;0
709;11;7;670;0;0
709;6;2;0;0;0
709;10;8;145;0;0
709;11;8;430;0;0
709;12;8;905;0;0
709;10;9;139;0;0
709;1;9;604;0;0
709;2;9;903;0;0
709;1;3;290;0;0
709;9;2;432;0;0
709;3;9;466;0;0
709;4;9;323;0;0
709;5;9;1534;0;0
709;2;3;334;0;0
709;10;2;491;0;0
709;11;2;737;0;0
709;12;2;219;0;0
709;4;3;143;0;0
709;3;3;295;0;0
709;4;1;1587;0;0
709;5;1;781;0;0
710;11;4;310;0;0
710;12;4;339;0;0
710;1;5;538;0;0
710;2;5;413;0;0
710;3;5;304;0;0
710;4;5;92;0;0
710;11;5;255;0;0
710;12;5;324;0;0
710;1;6;402;0;0
710;2;6;360;0;0
710;3;6;209;0;0
710;4;6;88;0;0
710;10;6;16;0;0
710;10;9;0;0;0
710;1;9;0;0;0
711;11;4;130;0;0
711;12;4;127;0;0
711;1;2;211;0;0
711;1;5;163;0;0
711;2;5;148;0;0
711;3;5;23;0;0
711;4;1;171;0;0
711;4;5;21;0;0
711;12;5;104;0;0
711;1;6;158;0;0
711;2;6;124;0;0
711;3;6;76;0;0
711;4;6;70;0;0
711;2;2;126;0;0
711;3;2;59;0;0
711;4;2;46;0;0
711;6;2;0;0;0
711;10;9;0;0;0
711;1;9;0;0;0
711;1;3;147;0;0
711;2;3;168;0;0
711;4;4;122;0;0
711;11;2;73;0;0
711;12;2;125;0;0
711;4;3;102;0;0
711;2;4;239;0;0
711;12;3;52;0;0
711;3;4;158;0;0
711;1;4;170;0;0
711;3;3;102;0;0
711;4;1;171;0;0
711;8;1;285;0;0
712;11;1;28;0;0
712;6;2;0;0;0
712;2;3;98;0;0
712;12;3;74;0;0
712;1;4;9;0;0
712;4;1;601;0;0
713;2;5;704;0;0
713;3;5;60;0;0
713;3;7;1086;0;0
713;2;8;250;0;0
713;6;2;0;0;0
713;10;9;0;0;0
713;4;5;92;6;0
713;12;4;694;8;0
713;4;1;274;8;0
713;11;8;537;12;0
713;2;7;783;15;0
713;2;9;537;15;0
713;2;6;1285;16;0
713;4;6;377;16;0
713;4;8;279;16;0
713;4;9;17;16;0
713;1;5;632;17;0
713;3;6;502;17;0
713;12;6;473;17;0
713;1;7;457;17;0
713;12;7;70;17;0
713;1;8;412;17;0
713;3;8;246;17;0
713;12;8;617;17;0
713;1;9;125;17;0
713;3;9;344;17;0
713;4;2;1008;41;0
713;4;4;671;198;0
713;4;3;2345;198;0
714;12;4;336;0;0
714;1;5;300;0;0
714;2;5;487;0;0
714;3;5;52;0;0
714;12;5;562;0;0
714;2;6;200;0;0
714;12;7;215;0;0
714;1;8;358;0;0
714;6;2;0;0;0
714;10;9;0;0;0
714;2;4;156;0;0
714;2;7;353;14;0
714;2;8;448;14;0
714;2;9;1116;14;0
714;4;6;86;15;0
714;4;8;160;15;0
714;4;9;85;15;0
714;1;6;226;16;0
714;3;6;85;16;0
714;12;6;576;16;0
714;1;7;310;16;0
714;3;7;318;16;0
714;3;8;464;16;0
714;1;9;222;16;0
714;3;9;310;16;0
714;12;8;688;22;0
715;6;2;0;0;0
716;5;5;3280;0;0
716;11;5;7936;0;0
716;4;6;11512;0;0
716;10;6;1377;0;0
716;11;6;11465;0;0
716;6;2;0;0;0
716;10;2;3233;0;0
716;10;4;2137;1;0
716;11;4;12096;1;0
716;12;4;25000;1;0
716;1;5;24029;1;0
716;2;5;23291;1;0
716;3;5;20391;1;0
716;4;5;10000;1;0
716;12;5;16000;1;0
716;1;6;14875;1;0
716;2;6;16588;1;0
716;3;6;5061;1;0
716;12;6;9072;1;0
716;1;7;31314;1;0
716;2;7;17386;1;0
716;3;7;17395;1;0
716;12;7;16453;1;0
716;1;8;18955;1;0
716;2;8;16442;1;0
716;3;8;11231;1;0
716;4;8;6113;1;0
716;10;7;6523;1;0
716;11;7;10432;1;0
716;10;8;9783;1;0
716;11;8;12114;1;0
716;12;8;16797;1;0
716;10;9;2719;1;0
716;1;9;18000;1;0
716;2;9;17128;1;0
716;1;3;20511;1;0
716;3;9;9523;1;0
716;4;9;4925;1;0
716;3;4;19423;1;0
716;2;3;20643;1;0
716;11;3;14235;1;0
716;12;2;29410;1;0
716;11;2;13255;1;0
716;4;3;9123;1;0
716;2;4;26583;1;0
716;10;3;1401;1;0
716;12;3;22202;1;0
716;1;4;20835;1;0
716;3;3;13828;1;0
716;4;4;12083;1;0
716;2;1;717;0;0
716;4;1;225;0;0
717;6;2;0;0;0
718;12;1;461;0;0
718;11;4;128;0;0
718;12;4;191;0;0
718;1;5;304;0;0
718;2;5;237;0;0
718;3;5;159;0;0
718;4;1;104;0;0
718;4;5;62;0;0
718;1;6;239;0;0
718;2;6;230;0;0
718;3;6;126;0;0
718;4;6;97;0;0
718;1;2;231;0;0
718;11;6;123;0;0
718;12;6;254;0;0
718;1;7;283;0;0
718;2;2;211;0;0
718;2;7;220;0;0
718;3;7;228;0;0
718;12;7;250;0;0
718;1;8;211;0;0
718;3;2;156;0;0
718;2;8;150;0;0
718;4;2;31;0;0
718;3;8;235;0;0
718;4;8;86;0;0
718;11;7;130;0;0
718;12;8;265;0;0
718;6;2;0;0;0
718;10;9;0;0;0
718;1;9;275;0;0
718;2;9;282;0;0
718;10;2;80;0;0
718;3;9;158;0;0
718;1;3;262;0;0
718;3;4;227;0;0
718;11;2;161;0;0
718;2;3;279;0;0
718;1;4;280;0;0
718;11;3;125;0;0
718;12;2;263;0;0
718;4;3;65;0;0
718;12;3;160;0;0
718;2;4;196;0;0
718;10;3;65;0;0
718;3;3;161;0;0
718;4;4;69;0;0
719;2;2;309;0;0
719;6;2;0;0;0
720;5;4;42;0;0
720;5;4;42;0;0
720;6;4;28;0;0
720;7;4;39;0;0
720;12;1;617;0;0
720;8;4;30;0;0
720;9;4;46;0;0
720;10;4;79;0;0
720;11;4;586;0;0
720;12;4;583;0;0
720;1;5;701;0;0
720;2;5;728;0;0
720;3;5;588;0;0
720;3;2;459;0;0
720;5;5;29;0;0
720;12;5;783;0;0
720;1;6;821;0;0
720;2;6;712;0;0
720;3;6;567;0;0
720;4;6;239;0;0
720;5;6;53;0;0
720;8;6;109;0;0
720;9;6;80;0;0
720;10;6;50;0;0
720;1;2;814;0;0
720;11;6;457;0;0
720;12;6;617;0;0
720;1;7;688;0;0
720;2;2;756;0;0
720;2;7;759;0;0
720;3;7;611;0;0
720;6;7;47;0;0
720;7;7;56;0;0
720;8;7;230;0;0
720;9;7;99;0;0
720;12;7;715;0;0
720;1;8;418;0;0
720;2;8;400;0;0
720;4;2;188;0;0
720;3;8;724;0;0
720;5;2;85;0;0
720;4;8;482;0;0
720;5;8;35;0;0
720;6;8;68;0;0
720;11;7;528;0;0
720;7;8;80;0;0
720;8;8;80;0;0
720;9;8;22;0;0
720;10;8;127;0;0
720;6;2;72;0;0
720;11;8;437;0;0
720;12;8;822;0;0
720;6;2;72;0;0
720;10;9;0;0;0
720;1;9;446;0;0
720;7;2;135;0;0
720;2;9;622;0;0
720;9;2;162;0;0
720;3;9;458;0;0
720;4;9;375;0;0
720;1;3;762;0;0
720;5;9;64;0;0
720;6;9;45;0;0
720;7;9;35;0;0
720;8;9;63;0;0
720;9;9;39;0;0
720;3;4;544;0;0
720;10;2;411;0;0
720;11;2;485;0;0
720;2;3;1059;0;0
720;8;3;49;0;0
720;1;4;569;0;0
720;11;3;289;0;0
720;12;2;604;0;0
720;4;3;350;0;0
720;9;3;31;0;0
720;12;3;515;0;0
720;2;4;617;0;0
720;10;3;241;0;0
720;6;3;77;0;0
720;7;3;55;0;0
720;3;3;692;0;0
720;4;4;263;0;0
721;12;4;92;0;0
721;1;5;52;0;0
721;2;5;49;0;0
721;3;5;40;0;0
721;11;5;40;0;0
721;12;5;53;0;0
721;1;6;48;0;0
721;2;6;40;0;0
721;4;6;14;0;0
721;12;6;40;0;0
721;1;7;15;0;0
721;3;7;53;0;0
721;12;7;50;0;0
721;3;8;265;0;0
721;11;7;35;0;0
721;12;8;192;0;0
721;6;2;0;0;0
721;10;9;0;0;0
721;1;9;190;0;0
721;2;9;194;0;0
721;3;9;106;0;0
721;1;3;212;0;0
721;3;4;311;0;0
721;2;3;181;0;0
721;1;4;70;0;0
721;12;2;67;0;0
721;4;3;12;0;0
721;3;3;49;0;0
721;4;4;8;0;0
722;12;4;273;0;0
722;1;5;402;0;0
722;2;5;278;0;0
722;3;5;160;0;0
722;4;5;67;0;0
722;11;5;133;0;0
722;12;5;210;0;0
722;1;6;271;0;0
722;2;6;236;0;0
722;3;6;91;0;0
722;4;6;45;0;0
722;12;6;440;0;0
722;1;7;328;0;0
722;2;7;267;0;0
722;3;7;254;0;0
722;12;7;200;0;0
722;1;8;213;0;0
722;2;8;243;0;0
722;3;8;200;0;0
722;4;8;59;0;0
722;11;7;103;0;0
722;11;8;141;0;0
722;12;8;340;0;0
722;6;2;0;0;0
722;10;9;0;0;0
722;1;9;237;0;0
722;2;9;276;0;0
722;3;9;122;0;0
722;4;9;84;0;0
722;3;4;606;0;0
722;1;4;348;0;0
722;4;4;68;0;0
723;6;2;0;0;0
724;12;1;4139;0;0
724;2;6;173;0;0
724;10;1;1094;0;0
724;3;6;115;0;0
724;11;1;2511;0;0
724;4;6;52;0;0
724;1;2;5198;0;0
724;12;6;280;0;0
724;1;7;272;0;0
724;2;2;2730;0;0
724;2;7;229;0;0
724;3;7;264;0;0
724;3;2;2081;0;0
724;12;7;250;0;0
724;1;8;259;0;0
724;2;8;200;0;0
724;3;8;268;0;0
724;4;8;118;0;0
724;11;7;217;0;0
724;11;8;175;0;0
724;12;8;310;0;0
724;6;2;0;0;0
724;10;9;94;0;0
724;1;9;235;0;0
724;2;9;287;0;0
724;3;9;186;0;0
724;4;9;125;0;0
724;1;3;4162;0;0
724;10;2;1531;0;0
724;11;2;2919;0;0
724;2;3;2532;0;0
724;1;4;3800;0;0
724;11;3;1992;0;0
724;12;2;4182;0;0
724;12;3;2934;0;0
724;2;4;3556;0;0
724;3;3;850;0;0
724;3;1;5371;0;0
725;11;8;113;0;0
725;6;2;0;0;0
725;10;9;0;0;0
725;5;9;46;0;0
725;6;9;10;0;0
725;2;9;637;28;0
725;4;9;200;30;0
725;12;8;600;32;0
725;1;9;401;32;0
725;3;9;345;32;0
726;12;6;436;0;0
726;1;7;340;0;0
726;2;7;295;0;0
726;3;7;407;0;0
726;6;7;7;0;0
726;12;7;300;0;0
726;1;8;105;0;0
726;2;8;420;0;0
726;3;8;156;0;0
726;4;8;459;0;0
726;5;8;301;0;0
726;10;7;30;0;0
726;11;7;244;0;0
726;8;8;10;0;0
726;11;8;272;0;0
726;12;8;550;0;0
726;6;2;0;0;0
726;10;9;0;0;0
726;1;9;257;0;0
726;2;9;493;0;0
726;3;9;374;0;0
726;4;9;121;0;0
726;5;9;224;0;0
726;6;9;10;0;0
726;8;9;10;0;0
726;9;9;15;0;0
727;10;1;1000;0;0
727;11;1;6228;0;0
727;4;3;1645;0;0
727;11;6;8745;0;0
727;1;8;10537;0;0
727;2;8;16142;0;0
727;4;1;1413;0;0
727;10;8;721;6;0
727;4;2;467;7;0
727;10;2;6367;8;0
727;4;6;4447;8;0
727;4;4;3872;9;0
727;4;8;6781;9;0
727;10;3;2560;10;0
727;10;9;4436;10;0
727;4;9;5099;10;0
727;10;5;6483;11;0
727;10;7;2595;12;0
727;2;2;4609;14;0
727;2;3;11591;14;0
727;2;4;14830;14;0
727;2;7;12170;14;0
727;2;9;5766;14;0
727;11;2;7880;15;0
727;11;3;6000;15;0
727;11;5;4813;15;0
727;2;6;14100;15;0
727;3;7;14210;15;0
727;11;7;8361;15;0
727;11;8;8805;15;0
727;12;1;6182;16;0
727;1;2;13890;16;0
727;3;2;7399;16;0
727;12;2;7098;16;0
727;1;3;10554;16;0
727;3;3;5280;16;0
727;12;3;6033;16;0
727;1;4;12644;16;0
727;3;4;11228;16;0
727;12;5;15230;16;0
727;1;6;9015;16;0
727;3;6;11244;16;0
727;12;6;10500;16;0
727;1;7;18344;16;0
727;12;7;17500;16;0
727;3;8;9797;16;0
727;12;8;25000;16;0
727;1;9;3100;16;0
727;3;9;6321;16;0
728;5;2;1087;0;ËÍÐ
728;4;1;440;0;0
729;12;1;883;0;0
729;10;4;515;0;0
729;11;4;999;0;0
729;12;4;1469;0;0
729;1;5;1500;0;0
729;2;5;1494;0;0
729;3;5;1260;0;0
729;4;5;206;0;0
729;3;2;999;0;0
729;10;5;657;0;0
729;11;5;1238;0;0
729;11;1;1543;0;0
729;1;2;797;0;0
729;11;6;985;0;0
729;2;2;1060;0;0
729;12;7;1758;0;0
729;4;2;177;0;0
729;10;7;380;0;0
729;10;9;746;0;0
729;1;9;400;0;0
729;4;9;541;0;0
729;1;3;1126;0;0
729;3;4;1412;0;0
729;10;2;650;0;0
729;11;2;868;0;0
729;3;3;1003;0;0
729;12;2;1551;0;0
729;1;4;990;0;0
729;2;3;1338;0;0
729;4;3;363;0;0
729;12;3;1296;0;0
729;11;3;902;0;0
729;10;3;425;0;0
729;2;4;1700;0;0
729;4;4;400;0;0
729;4;6;465;1;0
729;10;8;223;1;0
729;12;5;1500;2;0
729;1;6;925;2;0
729;2;6;1431;2;0
729;3;6;1076;2;0
729;12;6;1815;2;0
729;1;7;1305;2;0
729;2;7;1600;2;0
729;3;7;1442;2;0
729;1;8;1503;2;0
729;2;8;1088;2;0
729;3;8;1091;2;0
729;4;8;855;2;0
729;11;7;927;2;0
729;11;8;900;2;0
729;12;8;2168;2;0
729;2;9;1755;2;0
729;3;9;1024;2;0
729;4;1;;0;0
729;7;1;2022;0;0
730;11;4;239;0;0
730;12;4;381;0;0
730;1;5;402;0;0
730;4;1;809;0;0
730;2;5;309;0;0
730;3;5;129;0;0
730;4;5;148;0;0
730;2;6;600;0;0
730;3;6;200;0;0
730;4;6;197;0;0
730;12;6;608;0;0
730;1;7;464;0;0
730;2;7;400;0;0
730;3;7;450;0;0
730;12;7;570;0;0
730;1;8;500;0;0
730;2;8;425;0;0
730;3;8;318;0;0
730;4;8;261;0;0
730;11;8;15;0;0
730;12;8;41;0;0
730;10;9;0;0;0
730;1;9;0;0;0
730;10;2;36;0;0
730;1;3;497;0;0
730;3;4;504;0;0
730;11;2;288;0;0
730;3;3;335;0;0
730;12;2;476;0;0
730;1;4;168;0;0
730;2;3;448;0;0
730;4;3;145;0;0
730;9;3;35;0;0
730;12;3;474;0;0
730;11;3;265;0;0
730;2;4;430;0;0
730;4;4;165;0;0
731;6;1;19069;0;59
731;5;4;3519;0;0
731;12;1;35000;0;0
731;5;5;8192;0;0
731;6;5;4397;0;0
731;9;5;3808;0;0
731;10;5;3754;0;0
731;11;5;33580;0;0
731;11;6;34165;0;0
731;12;6;45000;0;0
731;1;7;48153;0;0
731;6;7;5653;0;0
731;2;7;52152;1;0
731;3;7;36783;1;0
731;2;5;50000;27;0
731;2;2;54366;27;0
731;2;8;33349;27;0
731;2;9;43468;27;0
731;2;3;50967;27;0
731;2;4;50027;27;0
731;2;6;49440;28;0
731;6;4;4675;29;0
731;9;4;5128;29;0
731;11;4;40395;29;0
731;4;1;40321;29;0
731;4;5;42094;29;0
731;9;1;8473;29;0
731;11;1;39764;29;0
731;4;6;25120;29;0
731;6;6;3793;29;0
731;9;6;3997;29;0
731;9;7;5699;29;0
731;4;2;19293;29;0
731;4;8;21633;29;0
731;6;8;2098;29;0
731;9;8;2577;29;0
731;11;8;33335;29;0
731;6;2;7554;29;0
731;9;2;7205;29;0
731;4;9;31101;29;0
731;6;9;2594;29;0
731;9;9;3101;29;0
731;11;2;50100;29;0
731;4;3;38993;29;0
731;9;3;8029;29;0
731;11;3;55029;29;0
731;6;3;9000;29;0
731;4;4;24597;29;0
731;5;4;3519;30;0
731;7;4;4008;30;0
731;8;4;5337;30;0
731;10;4;29844;30;0
731;12;4;60030;30;0
731;1;5;50000;30;0
731;3;5;20774;30;0
731;7;5;4448;30;0
731;8;5;4051;30;0
731;10;1;27824;30;0
731;12;5;40000;30;0
731;7;1;7018;30;0
731;8;1;7427;30;0
731;1;6;45000;30;0
731;3;6;26278;30;0
731;5;6;7793;30;0
731;7;6;3078;30;0
731;8;6;2917;30;0
731;1;2;60000;30;0
731;10;6;14775;30;0
731;3;2;39997;30;0
731;7;7;5889;30;0
731;12;7;56277;30;0
731;1;8;31987;30;0
731;3;8;37984;30;0
731;5;8;1813;30;0
731;5;2;9000;30;0
731;10;7;27450;30;0
731;11;7;37664;30;0
731;7;8;2430;30;0
731;8;8;2679;30;0
731;10;8;16026;30;0
731;7;2;8759;30;0
731;8;2;8943;30;0
731;12;8;35000;30;0
731;10;9;16693;30;0
731;7;2;8759;30;0
731;1;9;49456;30;0
731;3;9;33760;30;0
731;5;9;4246;30;0
731;7;9;5917;30;0
731;8;9;5663;30;0
731;1;3;60000;30;0
731;3;4;36652;30;0
731;3;3;42129;30;0
731;12;2;59000;30;0
731;8;3;8954;30;0
731;1;4;59030;30;0
731;10;2;17221;30;0
731;12;3;59000;30;0
731;10;3;29930;30;0
731;5;3;9000;30;0
731;7;3;8658;30;0
731;8;7;5890;31;0
731;3;1;198292;0;0
732;12;1;3130;0;0
732;4;1;111;0;0
732;4;5;984;0;0
732;10;5;307;0;0
732;11;5;1778;0;0
732;10;1;1515;0;0
732;11;1;1761;0;0
732;10;6;278;0;0
732;1;2;3364;0;0
732;11;6;1425;0;0
732;12;6;2975;0;0
732;2;2;1407;0;0
732;3;2;2107;0;0
732;4;2;417;0;0
732;1;9;0;0;0
732;1;3;2000;0;0
732;3;4;3250;0;0
732;10;2;1437;0;0
732;11;2;1944;0;0
732;3;3;2100;0;0
732;12;2;4052;0;0
732;1;4;2907;0;0
732;2;3;2993;0;0
732;4;3;477;0;0
732;10;3;449;0;0
732;12;3;3324;0;0
732;11;3;2252;0;0
732;2;4;2403;0;0
732;4;4;584;0;0
732;10;4;1316;1;0
732;11;4;1546;1;0
732;12;4;3484;1;0
732;1;5;2788;1;0
732;2;5;2216;1;0
732;3;5;2008;1;0
732;12;5;3324;1;0
732;1;6;1330;1;0
732;2;6;1333;1;0
732;3;6;2852;1;0
732;4;6;1164;1;0
732;1;7;2578;1;0
732;2;7;2768;1;0
732;3;7;2299;1;0
732;12;7;2730;1;0
732;10;7;1003;1;0
732;11;7;1483;1;0
733;10;5;1067;0;0
733;11;5;2976;0;0
733;11;6;3298;0;0
733;3;7;3997;0;0
733;10;6;1129;6;0
733;4;2;406;6;0
733;10;8;3067;8;0
733;10;4;1093;9;0
733;10;7;2616;9;0
733;4;4;4106;10;0
733;10;9;1663;12;0
733;11;1;4579;13;0
733;4;6;2063;13;0
733;4;3;1354;13;0
733;10;3;1597;13;0
733;2;5;3932;15;0
733;2;2;2823;15;0
733;2;7;4556;15;0
733;2;8;3853;15;0
733;2;9;5660;15;0
733;2;3;3025;15;0
733;2;4;3090;15;0
733;11;4;3305;16;0
733;12;4;3305;16;0
733;4;5;3025;16;0
733;2;6;3620;16;0
733;4;8;2767;16;0
733;11;7;3044;16;0
733;11;8;6125;16;0
733;4;9;2020;16;0
733;10;2;1499;16;0
733;11;2;2469;16;0
733;11;3;2658;16;0
733;12;1;2051;17;0
733;1;5;5998;17;0
733;3;5;3262;17;0
733;12;5;3500;17;0
733;1;6;4432;17;0
733;3;6;3161;17;0
733;1;2;3565;17;0
733;12;6;4000;17;0
733;1;7;5828;17;0
733;3;2;2263;17;0
733;12;7;5601;17;0
733;1;8;3767;17;0
733;3;8;5013;17;0
733;12;8;3577;17;0
733;1;9;3418;17;0
733;3;9;4309;17;0
733;1;3;2950;17;0
733;3;4;2492;17;0
733;3;3;2036;17;0
733;12;2;3669;17;0
733;1;4;2917;17;0
733;12;3;4281;17;0
733;4;1;1538;0;0
734;5;4;50;0;0
734;5;4;50;0;0
734;6;4;100;0;0
734;7;4;101;0;0
734;12;1;2000;0;0
734;8;4;60;0;0
734;9;4;60;0;0
734;10;4;612;0;0
734;11;4;1050;0;0
734;12;4;1444;0;0
734;1;5;1166;0;0
734;4;1;383;0;0
734;2;5;750;0;0
734;3;5;2269;0;0
734;3;2;1051;0;0
734;8;1;13;0;0
734;9;1;17;0;0
734;10;5;510;0;0
734;11;5;1575;0;0
734;12;5;1724;0;0
734;1;6;1060;0;0
734;2;6;1272;0;0
734;10;1;231;0;0
734;3;6;1050;0;0
734;4;6;226;0;0
734;5;6;41;0;0
734;6;6;30;0;0
734;11;1;986;0;0
734;7;6;30;0;0
734;8;6;30;0;0
734;9;6;31;0;0
734;10;6;157;0;0
734;1;2;1950;0;0
734;11;6;1800;0;0
734;12;6;2040;0;0
734;1;7;616;0;0
734;2;2;1500;0;0
734;2;7;1310;0;0
734;3;7;1389;0;0
734;6;7;30;0;0
734;7;7;30;0;0
734;8;7;30;0;0
734;9;7;30;0;0
734;12;7;1401;0;0
734;1;8;1176;0;0
734;2;8;1660;0;0
734;3;8;1012;0;0
734;4;8;866;0;0
734;5;8;15;0;0
734;6;8;15;0;0
734;10;7;551;0;0
734;11;7;1400;0;0
734;8;8;16;0;0
734;9;8;17;0;0
734;10;8;260;0;0
734;11;8;1044;0;0
734;12;8;1956;0;0
734;10;9;272;0;0
734;1;9;1113;0;0
734;2;9;1929;0;0
734;3;9;1111;0;0
734;4;9;495;0;0
734;5;9;15;0;0
734;7;9;10;0;0
734;1;3;1786;0;0
734;9;9;15;0;0
734;3;4;928;0;0
734;10;2;475;0;0
734;11;2;1319;0;0
734;3;3;1100;0;0
734;12;2;1620;0;0
734;1;4;1000;0;0
734;2;3;1362;0;0
734;4;3;1037;0;0
734;10;3;539;0;0
734;12;3;2000;0;0
734;11;3;1383;0;0
734;2;4;1200;0;0
734;5;3;30;0;0
734;6;3;132;0;0
734;4;4;1321;0;0
734;7;1;12;0;0
734;5;1;9;0;0
734;6;1;17;0;0
735;2;6;112;0;0
735;12;6;111;0;0
735;1;7;138;0;0
735;2;7;183;0;0
735;3;7;139;0;0
735;12;7;216;0;0
735;1;8;158;0;0
735;2;8;100;0;0
735;4;8;151;0;0
735;12;8;225;0;0
735;10;9;0;0;0
735;1;9;191;0;0
735;2;9;265;0;0
735;3;9;145;0;0
735;4;9;93;0;0
735;4;1;1637;0;0
736;5;4;918;0;0
736;10;5;6296;0;0
736;11;5;25608;0;0
736;4;6;6042;0;0
736;5;6;731;0;0
736;6;6;604;0;0
736;7;6;468;0;0
736;8;6;542;0;0
736;9;6;528;0;0
736;1;2;1494;0;0
736;10;6;3696;0;0
736;11;6;27130;0;0
736;12;6;27697;0;0
736;12;7;23904;0;0
736;1;8;27258;0;0
736;2;8;20180;0;0
736;3;8;21013;0;0
736;4;8;13392;0;0
736;10;7;12630;0;0
736;11;7;22869;0;0
736;12;8;35764;0;0
736;10;9;0;0;0
736;5;4;918;1;0
736;6;4;693;1;0
736;9;4;540;1;0
736;10;4;9882;1;0
736;11;4;23738;1;0
736;12;4;27682;1;0
736;1;5;28517;1;0
736;2;5;25743;1;0
736;3;5;22232;1;0
736;4;5;5283;1;0
736;12;5;35648;1;0
736;1;6;26563;1;0
736;2;6;27779;1;0
736;3;6;24081;1;0
736;1;7;32240;1;0
736;2;7;26492;1;0
736;3;7;27966;1;0
736;3;2;14767;1;0
736;4;2;2989;1;0
736;5;2;616;1;0
736;10;8;5968;1;0
736;6;2;622;1;0
736;11;8;21652;1;0
736;1;9;15374;1;0
736;2;9;28367;1;0
736;11;2;23398;1;0
736;3;9;17883;1;0
736;4;9;2298;1;0
736;1;3;41175;1;0
736;3;4;30103;1;0
736;3;3;15385;1;0
736;12;2;12000;1;0
736;1;4;20103;1;0
736;10;2;11249;1;0
736;11;2;23398;1;0
736;2;3;24500;1;0
736;4;3;759;1;0
736;9;3;134;1;0
736;10;3;11541;1;0
736;12;3;28360;1;0
736;11;3;19475;1;0
736;2;4;25024;1;0
736;5;3;784;1;0
736;6;3;513;1;0
736;4;4;5085;1;0
736;8;4;1396;2;0
736;2;2;12668;3;0
736;9;2;1098;3;0
736;11;1;2522;7;0
736;4;1;345;0;0
737;12;1;893;0;0
737;12;4;108;0;0
737;1;5;162;0;0
737;4;1;136;0;0
737;2;5;170;0;0
737;3;5;609;0;0
737;3;2;347;0;0
737;5;5;51;0;0
737;6;5;16;0;0
737;10;5;14845;0;0
737;11;5;22738;0;0
737;1;2;442;0;0
737;11;6;1559;0;0
737;2;2;276;0;0
737;2;8;1689;0;0
737;4;2;74;0;0
737;9;8;65;0;0
737;10;8;838;0;0
737;11;8;3095;0;0
737;1;9;3982;0;0
737;1;3;383;0;0
737;10;2;384;0;0
737;11;2;269;0;0
737;3;3;271;0;0
737;12;2;380;0;0
737;2;3;495;0;0
737;4;3;118;0;0
737;10;3;15;0;0
737;4;5;581;2;0
737;7;5;15;2;0
737;8;5;38;2;0
737;9;5;26;2;0
737;12;5;1575;2;0
737;1;6;1870;2;0
737;2;6;1939;2;0
737;3;6;1358;2;0
737;4;6;685;2;0
737;5;6;37;2;0
737;6;6;14;2;0
737;7;6;28;2;0
737;8;6;11;2;0
737;9;6;17;2;0
737;10;6;753;2;0
737;12;6;2598;4;0
737;1;7;2018;4;0
737;2;7;2167;4;0
737;3;7;1995;4;0
737;6;7;21;4;0
737;8;7;1227;4;0
737;9;7;7942;4;0
737;12;7;7462;4;0
737;1;8;2735;4;0
737;4;8;1319;4;0
737;5;8;569;4;0
737;6;8;88;4;0
737;10;7;9335;4;0
737;11;7;8714;4;0
737;2;9;7447;7;0
737;3;9;4137;7;0
737;8;8;29;8;0
737;12;8;5651;8;0
737;10;9;1490;8;0
737;4;9;957;8;0
737;5;9;284;8;0
737;6;9;21;8;0
737;7;9;17;8;0
737;8;9;24;8;0
737;9;9;33;8;0
737;3;8;1895;13;0
738;10;5;969;0;0
738;11;5;1870;0;0
738;2;6;615;0;0
738;10;1;1511;0;0
738;11;6;258;0;0
738;12;7;400;0;0
738;1;8;200;0;0
738;2;8;200;0;0
738;3;8;50;0;0
738;11;7;380;0;0
738;10;9;0;0;0
738;1;9;98;0;0
738;2;9;104;0;0
738;3;6;264;1;0
738;12;6;1000;1;0
738;1;7;526;1;0
738;2;7;658;1;0
738;3;7;527;1;0
738;4;2;1128;6;0
738;4;1;1420;7;0
738;4;3;1704;7;0
738;4;4;905;9;0
738;1;6;576;10;0
738;10;4;1132;11;0
738;4;5;1077;11;0
738;10;2;1383;11;0
738;10;3;899;13;0
738;2;5;2733;14;0
738;2;2;2539;14;0
738;2;3;2732;14;0
738;2;4;2973;14;0
738;11;4;2882;15;0
738;11;2;2179;15;0
738;11;3;2370;15;0
738;12;1;3036;16;0
738;12;4;4197;16;0
738;1;5;2515;16;0
738;3;5;2757;16;0
738;12;5;2543;16;0
738;1;2;3021;16;0
738;3;2;1487;16;0
738;1;3;2998;16;0
738;3;4;2994;16;0
738;3;3;1467;16;0
738;12;2;3686;16;0
738;1;4;2481;16;0
738;12;3;4047;16;0
738;11;1;1567;25;0
739;10;5;19394;0;0
739;11;5;38055;0;0
739;11;6;54876;0;0
739;12;8;40127;0;0
739;4;1;17139;4;0
739;4;2;23370;20;0
739;2;5;45323;32;0
739;4;8;10760;32;0
739;4;5;10804;33;0
739;10;8;24532;33;0
739;4;6;28552;36;0
739;10;4;12982;37;0
739;4;4;7549;38;0
739;10;9;21743;44;0
739;10;2;19265;44;0
739;4;9;17310;44;0
739;10;2;19265;44;0
739;2;3;51019;46;0
739;10;3;26222;46;0
739;2;6;49455;48;0
739;11;4;38700;49;0
739;3;3;28083;51;0
739;12;4;63400;52;0
739;3;5;38685;52;0
739;12;5;72300;52;0
739;1;6;28333;52;0
739;3;6;42026;52;0
739;10;7;30988;54;0
739;2;7;59617;59;0
739;2;8;47713;59;0
739;2;9;51481;59;0
739;2;2;46600;60;0
739;11;7;41926;63;0
739;11;1;31855;64;0
739;11;8;46078;64;0
739;11;2;47237;64;0
739;3;8;56322;66;0
739;3;9;45533;66;0
739;12;1;57653;67;0
739;1;5;37403;67;0
739;10;1;19505;67;0
739;1;2;53900;67;0
739;12;6;53548;67;0
739;1;7;79285;67;0
739;3;7;61399;67;0
739;3;2;12832;67;0
739;12;7;26779;67;0
739;1;8;79352;67;0
739;1;9;74445;67;0
739;1;3;49155;67;0
739;3;4;57746;67;0
739;12;2;63368;67;0
739;12;3;71400;67;0
739;11;3;34945;79;0
739;4;3;20199;94;0
740;10;4;690;0;0
740;4;1;1353;0;0
740;4;5;422;0;0
740;10;5;411;0;0
740;11;5;2460;0;0
740;10;6;1110;0;0
740;11;6;3102;0;0
740;1;7;4226;0;0
740;2;2;13072;0;0
740;2;7;5640;0;0
740;3;7;5086;0;0
740;12;7;6085;0;0
740;1;8;4734;0;0
740;2;8;5194;0;0
740;10;7;1773;0;0
740;11;7;2627;0;0
740;10;8;798;0;0
740;11;8;3132;0;0
740;12;8;3705;0;0
740;10;9;1110;0;0
740;1;9;6221;0;0
740;2;9;5857;0;0
740;3;9;3560;0;0
740;4;9;2163;0;0
740;3;4;3121;0;0
740;10;2;3307;0;0
740;4;3;3056;0;0
740;4;4;623;0;0
740;11;4;1386;1;0
740;12;4;1500;1;0
740;1;5;2277;1;0
740;2;5;1580;1;0
740;3;5;1414;1;0
740;12;5;2440;1;0
740;1;6;4600;1;0
740;2;6;4353;1;0
740;3;6;3055;1;0
740;4;6;2704;1;0
740;12;6;6993;1;0
740;4;8;2707;1;0
740;1;4;9858;1;0
740;10;3;4675;1;0
740;12;3;13249;1;0
740;11;3;8455;1;0
740;2;4;10147;1;0
740;3;8;4377;6;0
740;4;2;5323;8;0
740;2;3;10760;16;0
740;11;2;10874;17;0
740;1;2;16235;18;0
740;3;2;9685;18;0
740;1;3;10045;18;0
740;3;3;8680;18;0
740;12;2;10769;18;0
740;12;1;36501;157;0
740;3;1;30753;0;0
741;1;5;7900;0;0
741;2;5;6474;0;0
741;3;5;5894;0;0
741;4;5;3107;0;0
741;10;5;1508;0;0
741;11;5;4026;0;0
741;12;5;6000;0;0
741;3;6;5689;0;0
741;4;6;3401;0;0
741;5;6;95;0;0
741;10;6;1244;0;0
741;11;6;5253;0;0
741;12;7;6000;0;0
741;1;9;6547;0;0
741;10;4;1664;1;0
741;2;6;7395;1;0
741;11;1;2925;1;0
741;2;7;7802;1;0
741;1;8;10280;1;0
741;2;8;8132;1;0
741;4;2;43;1;0
741;3;8;6693;1;0
741;4;8;3457;1;0
741;10;7;4224;1;0
741;11;7;4578;1;0
741;10;8;2594;1;0
741;10;9;3378;1;0
741;4;9;3040;1;0
741;2;3;7211;1;0
741;2;4;7183;1;0
741;4;4;3896;1;0
741;12;1;5503;2;0
741;11;4;6206;2;0
741;12;4;7000;2;0
741;4;1;1442;2;0
741;1;6;8213;2;0
741;10;1;1604;2;0
741;1;2;7228;2;0
741;12;6;8500;2;0
741;1;7;9814;2;0
741;2;2;7005;2;0
741;3;7;7952;2;0
741;3;2;2000;2;0
741;11;8;6176;2;0
741;12;8;11333;2;0
741;2;9;8424;2;0
741;3;9;4707;2;0
741;1;3;12184;2;0
741;3;4;6461;2;0
741;11;2;2790;2;0
741;3;3;3831;2;0
741;12;2;2770;2;0
741;1;4;3979;2;0
741;10;2;2030;2;0
741;4;3;1750;2;0
741;10;3;3020;2;0
741;12;3;6460;2;0
741;11;3;5200;2;0
741;4;1;1442;0;0
742;10;4;1020;0;0
742;12;1;4635;0;0
742;11;4;2575;0;0
742;12;4;2400;0;0
742;1;5;2163;0;0
742;2;5;2246;0;0
742;3;5;2112;0;0
742;4;5;1020;0;0
742;10;5;1060;0;0
742;11;5;2046;0;0
742;10;1;2652;0;0
742;12;5;2296;0;0
742;1;6;2373;0;0
742;2;6;2318;0;0
742;3;6;2060;0;0
742;11;1;3296;0;0
742;4;6;939;0;0
742;10;6;826;0;0
742;1;2;2790;0;0
742;11;6;2163;0;0
742;12;6;2792;0;0
742;1;7;2770;0;0
742;2;2;2781;0;0
742;2;7;2781;0;0
742;3;7;2163;0;0
742;3;2;2781;0;0
742;12;7;2634;0;0
742;1;8;2719;0;0
742;2;8;3090;0;0
742;4;2;1095;0;0
742;3;8;2266;0;0
742;4;8;1122;0;0
742;10;7;1020;0;0
742;11;7;2637;0;0
742;10;8;887;0;0
742;11;8;2678;0;0
742;12;8;927;0;0
742;10;9;1989;0;0
742;1;9;3118;0;0
742;2;9;3090;0;0
742;3;9;2524;0;0
742;4;9;2346;0;0
742;1;3;3193;0;0
742;3;4;1545;0;0
742;10;2;1020;0;0
742;11;2;2962;0;0
742;3;3;3193;0;0
742;12;2;2657;0;0
742;1;4;2060;0;0
742;2;3;3193;0;0
742;4;3;1020;0;0
742;10;3;1580;0;0
742;12;3;2884;0;0
742;11;3;2750;0;0
742;2;4;2060;0;0
742;4;4;1046;0;0
742;4;1;31467;73;0
743;12;1;1600;0;0
743;4;1;230;0;0
743;3;5;1500;0;0
743;10;5;750;0;0
743;11;5;1500;0;0
743;11;6;1500;0;0
743;10;7;936;0;0
743;4;2;326;6;0
743;10;2;750;8;0
743;10;3;750;13;0
743;2;6;750;15;0
743;2;2;954;15;0
743;2;7;1388;15;0
743;2;8;1560;15;0
743;2;9;1500;15;0
743;2;3;478;15;0
743;2;4;101;15;0
743;11;4;1500;16;0
743;12;4;1500;16;0
743;1;5;1500;16;0
743;2;5;1500;16;0
743;4;5;220;16;0
743;3;2;856;16;0
743;12;5;1500;16;0
743;1;6;1500;16;0
743;3;6;718;16;0
743;4;6;1203;16;0
743;1;2;953;16;0
743;12;6;1500;16;0
743;1;7;1500;16;0
743;3;7;1388;16;0
743;12;7;1389;16;0
743;1;8;1560;16;0
743;3;8;1559;16;0
743;4;8;291;16;0
743;11;7;1388;16;0
743;11;8;1500;16;0
743;12;8;1500;16;0
743;1;9;1500;16;0
743;3;9;1500;16;0
743;4;9;117;16;0
743;1;3;1500;16;0
743;3;4;1500;16;0
743;11;2;1500;16;0
743;3;3;340;16;0
743;12;2;1500;16;0
743;1;4;1349;16;0
743;4;3;718;16;0
743;12;3;1500;16;0
743;11;3;1500;16;0
743;4;4;839;16;0
743;11;1;452;32;0
743;9;1;147;92;0
743;10;4;750;96;0
743;10;8;750;96;0
743;10;9;750;96;0
743;10;6;300;97;0
744;10;4;370;0;0
744;11;4;728;0;0
744;12;1;998;0;0
744;12;4;936;0;0
744;1;5;630;0;0
744;4;1;308;0;0
744;2;5;600;0;0
744;3;5;728;0;0
744;4;5;265;0;0
744;3;2;468;0;0
744;10;5;357;0;0
744;11;5;250;0;0
744;12;5;700;0;0
744;1;6;925;0;0
744;2;6;1000;0;0
744;10;1;499;0;0
744;3;6;360;0;0
744;4;6;300;0;0
744;11;1;998;0;0
744;1;2;998;0;0
744;11;6;820;0;0
744;12;6;1400;0;0
744;1;7;550;0;0
744;2;7;367;0;0
744;3;7;1000;0;0
744;12;7;1300;0;0
744;1;8;500;0;0
744;2;8;300;0;0
744;4;2;157;0;0
744;3;8;400;0;0
744;4;8;250;0;0
744;10;7;600;0;0
744;11;7;1500;0;0
744;10;8;400;0;0
744;6;2;10;0;0
744;11;8;1400;0;0
744;12;8;2000;0;0
744;10;9;0;0;0
744;1;9;199;0;0
744;2;9;199;0;0
744;3;9;100;0;0
744;4;9;100;0;0
744;1;3;630;0;0
744;3;4;520;0;0
744;10;2;530;0;0
744;11;2;624;0;0
744;3;3;603;0;0
744;12;2;1248;0;0
744;1;4;809;0;0
744;2;3;782;0;0
744;4;3;180;0;0
744;10;3;510;0;0
744;12;3;910;0;0
744;11;3;645;0;0
744;2;4;809;0;0
744;4;4;188;0;0
745;10;4;1086;0;0
745;12;1;2200;0;0
745;11;4;5255;0;0
745;4;1;944;0;0
745;3;5;5050;0;0
745;10;5;820;0;0
745;11;5;3840;0;0
745;12;5;6149;0;0
745;1;6;4223;0;0
745;2;6;5873;0;0
745;10;1;975;0;0
745;3;6;4415;0;0
745;4;6;2755;0;0
745;11;1;1376;0;0
745;1;2;1412;0;0
745;10;6;1053;0;0
745;11;6;4738;0;0
745;12;6;5684;0;0
745;1;7;7678;0;0
745;2;7;5899;0;0
745;3;7;6329;0;0
745;3;2;2822;0;0
745;1;2;1739;0;0
745;12;7;5438;0;0
745;1;8;6367;0;0
745;2;8;6166;0;0
745;4;2;636;0;0
745;3;8;5331;0;0
745;4;8;3059;0;0
745;10;7;2149;0;0
745;11;7;4239;0;0
745;10;8;1476;0;0
745;11;8;4878;0;0
745;12;8;7547;0;0
745;10;9;0;0;0
745;1;9;1368;0;0
745;2;9;9520;0;0
745;3;9;1891;0;0
745;4;9;5316;0;0
745;1;3;4172;0;0
745;3;4;6066;0;0
745;10;2;1263;0;0
745;11;2;3849;0;0
745;3;3;3781;0;0
745;12;2;5363;0;0
745;1;4;5185;0;0
745;2;3;5105;0;0
745;4;3;2125;0;0
745;10;3;2044;0;0
745;11;3;4049;0;0
745;12;3;6885;0;0
745;2;4;5724;0;0
745;4;4;2816;0;0
745;12;4;6284;1;0
745;1;5;5689;1;0
745;2;5;6007;1;0
745;4;5;2723;2;0
745;2;2;3813;26;0
746;10;5;3462;0;0
746;11;5;10122;0;0
746;10;1;1136;0;0
746;11;6;10412;0;0
746;11;1;3707;1;0
746;4;1;1892;8;0
746;10;2;3535;8;0
746;4;2;42;13;0
746;4;5;7974;16;0
746;10;3;3746;26;0
746;10;8;3542;28;0
746;10;9;2125;29;0
746;10;6;2053;32;0
746;10;4;5329;34;0
746;2;6;18679;35;0
746;4;6;5588;37;0
746;4;3;7551;39;0
746;4;8;8338;40;0
746;2;2;7000;45;0
746;2;3;18047;45;0
746;4;4;10860;45;0
746;2;5;19234;46;0
746;11;3;9801;46;0
746;2;8;20882;48;0
746;11;2;8994;48;0
746;4;9;8230;49;0
746;12;1;15683;50;0
746;3;2;9477;50;0
746;1;2;14109;50;0
746;1;3;16530;50;0
746;3;3;10853;50;0
746;12;2;14097;50;0
746;12;3;15375;50;0
746;10;7;4234;52;0
746;2;4;14445;59;0
746;2;9;23240;61;0
746;11;4;15167;66;0
746;11;8;12319;66;0
746;3;4;22894;66;0
746;12;8;12715;67;0
746;1;9;25748;67;0
746;3;9;13153;67;0
746;1;6;26960;68;0
746;12;4;17756;69;0
746;1;5;22510;69;0
746;3;5;12908;69;0
746;12;5;10056;69;0
746;3;6;12696;69;0
746;1;8;26300;69;0
746;3;8;14426;69;0
746;1;7;22116;70;0
746;2;7;17979;79;0
746;1;4;16318;81;0
746;11;7;11086;83;0
746;3;7;16005;85;0
746;12;7;11164;85;0
746;12;6;15299;86;0
747;4;1;337;0;0
748;5;1;2120;0;7
748;6;1;1481;0;7
748;5;4;2061;0;0
748;5;5;2492;0;0
748;6;5;1734;0;0
748;10;5;7627;0;0
748;11;5;15712;0;0
748;11;6;16324;0;0
748;9;8;2666;0;0
748;10;3;12529;0;0
748;8;5;841;2;0
748;7;3;702;2;0
748;8;3;981;3;0
748;11;3;16252;3;0
748;7;5;64;4;0
748;6;9;885;4;0
748;2;7;18938;6;0
748;11;2;15281;6;0
748;2;3;17762;6;0
748;9;3;2677;6;0
748;2;4;16141;6;0
748;5;4;2061;7;0
748;6;4;1795;7;0
748;7;4;1755;7;0
748;8;4;1631;7;0
748;9;4;1871;7;0
748;10;4;8160;7;0
748;11;4;16537;7;0
748;12;4;20000;7;0
748;1;5;17500;7;0
748;4;1;13058;7;0
748;2;5;16809;7;0
748;3;5;17468;7;0
748;4;5;12161;7;0
748;9;5;2066;7;0
748;10;1;10867;7;0
748;12;5;20000;7;0
748;1;6;14186;7;0
748;2;6;16181;7;0
748;3;6;15463;7;0
748;4;6;14078;7;0
748;5;6;2279;7;0
748;6;6;1991;7;0
748;7;6;1732;7;0
748;8;6;1865;7;0
748;9;6;2124;7;0
748;10;6;6503;7;0
748;12;6;20000;7;0
748;1;7;21430;7;0
748;2;2;15163;7;0
748;3;7;20342;7;0
748;6;7;2365;7;0
748;3;2;15943;7;0
748;9;7;2522;7;0
748;1;2;14547;7;0
748;12;7;20007;7;0
748;1;8;18684;7;0
748;2;8;18114;7;0
748;3;8;19771;7;0
748;4;2;7681;7;0
748;4;8;11927;7;0
748;5;8;2938;7;0
748;6;8;2188;7;0
748;5;2;3357;7;0
748;10;7;12107;7;0
748;11;7;13695;7;0
748;7;8;2207;7;0
748;8;8;2532;7;0
748;10;8;7571;7;0
748;6;2;2048;7;0
748;11;8;17452;7;0
748;8;2;2074;7;0
748;12;8;17000;7;0
748;10;9;11890;7;0
748;7;2;2934;7;0
748;1;9;23307;7;0
748;2;9;19149;7;0
748;9;2;2638;7;0
748;3;9;18879;7;0
748;4;9;14081;7;0
748;5;9;2486;7;0
748;8;9;1723;7;0
748;1;3;20957;7;0
748;9;9;2146;7;0
748;3;4;18299;7;0
748;3;3;17014;7;0
748;12;2;19020;7;0
748;1;4;17979;7;0
748;10;2;11496;7;0
748;4;3;13731;7;0
748;12;3;17582;7;0
748;5;3;2824;7;0
748;6;3;2497;7;0
748;4;4;9969;7;0
748;8;7;778;11;0
748;9;1;58168;14;0
748;2;1;48390;0;0
748;3;1;17519;0;0
748;8;1;0;0;0
749;12;1;2513;0;0
749;5;5;125;0;0
749;10;5;240;0;0
749;11;5;1576;0;0
749;10;1;1189;0;0
749;11;1;1613;0;0
749;11;6;2079;0;0
749;2;2;2616;0;0
749;3;2;1485;0;0
749;1;2;2802;0;0
749;4;2;822;0;0
749;1;3;3348;0;0
749;3;4;3316;0;0
749;10;2;1434;0;0
749;11;2;2163;0;0
749;3;3;2637;0;0
749;12;2;3677;0;0
749;1;4;2472;0;0
749;2;3;2472;0;0
749;4;3;2375;0;0
749;10;3;760;0;0
749;11;3;1882;0;0
749;12;3;2885;0;0
749;2;4;3228;0;0
749;4;4;2075;0;0
749;12;7;2966;2;0
749;10;6;507;12;0
749;10;8;1222;14;0
749;10;9;953;14;0
749;10;4;566;15;0
749;4;5;1260;16;0
749;2;5;3003;18;0
749;2;6;2776;18;0
749;2;7;2902;18;0
749;2;8;2952;18;0
749;2;9;3186;18;0
749;11;4;1748;19;0
749;4;6;930;19;0
749;4;8;1568;19;0
749;11;7;2397;19;0
749;11;8;1826;19;0
749;4;9;1484;19;0
749;12;4;2900;20;0
749;1;5;3519;20;0
749;3;5;2448;20;0
749;12;5;2800;20;0
749;1;6;2785;20;0
749;3;6;1944;20;0
749;12;6;2309;20;0
749;1;7;4983;20;0
749;3;7;2674;20;0
749;1;8;3625;20;0
749;3;8;2405;20;0
749;10;7;1301;20;0
749;12;8;1924;20;0
749;1;9;5944;20;0
749;3;9;2305;20;0
749;4;1;1884;0;0
750;12;1;1613;0;0
750;4;1;343;0;0
750;3;2;1220;0;0
750;8;1;95;0;0
750;10;5;979;0;0
750;11;5;3217;0;0
750;11;1;2039;0;0
750;11;6;2933;0;0
750;2;2;4858;0;0
750;4;2;446;0;0
750;1;3;2424;0;0
750;3;4;2788;0;0
750;10;2;306;0;0
750;3;3;4227;0;0
750;4;3;314;0;0
750;4;4;531;0;0
750;11;2;1964;1;0
750;10;4;646;2;0
750;2;5;2152;4;0
750;10;6;610;10;0
750;10;9;623;11;0
750;4;5;961;12;0
750;4;9;1166;12;0
750;2;4;2051;14;0
750;2;6;2334;15;0
750;2;8;2982;15;0
750;2;9;2611;15;0
750;12;4;2833;16;0
750;3;5;1402;16;0
750;4;6;816;16;0
750;12;6;3560;16;0
750;1;7;2629;16;0
750;1;4;2290;16;0
750;12;3;1713;16;0
750;11;4;2131;17;0
750;1;5;2290;17;0
750;4;8;1010;17;0
750;11;8;1350;17;0
750;12;5;4334;18;0
750;1;6;4046;18;0
750;3;6;1822;18;0
750;2;7;2713;18;0
750;3;7;2279;18;0
750;12;7;2526;18;0
750;3;8;3342;18;0
750;12;8;3533;18;0
750;1;9;2530;18;0
750;3;9;1640;18;0
750;11;3;1622;19;0
750;1;8;3012;20;0
750;11;7;3400;23;0
750;10;8;1923;106;0
750;2;1;2625;0;0
750;3;1;1593;0;0
750;4;1;343;0;0
751;7;1;58;0;8
751;5;4;42;0;0
751;12;1;57;0;0
751;4;1;352;0;0
751;10;5;620;0;0
751;11;5;4199;0;0
751;11;1;81;0;0
751;11;6;5398;0;0
751;2;2;46;0;0
751;1;2;81;0;0
751;3;2;54;0;0
751;12;5;7400;1;0
751;1;6;8570;1;0
751;2;6;8286;1;0
751;3;6;6455;1;0
751;4;6;4233;1;0
751;5;6;1752;1;0
751;10;6;1766;1;0
751;12;6;5954;1;0
751;1;7;11215;1;0
751;2;7;7127;1;0
751;3;7;8149;1;0
751;12;7;7274;1;0
751;1;8;9517;1;0
751;2;8;8303;1;0
751;3;8;5559;1;0
751;4;8;4004;1;0
751;10;7;2763;1;0
751;11;7;5576;1;0
751;10;8;2162;1;0
751;11;8;5056;1;0
751;12;8;6081;1;0
751;10;9;2227;1;0
751;1;9;8668;1;0
751;2;9;9654;1;0
751;3;9;4711;1;0
751;4;9;3202;1;0
751;5;4;42;2;0
751;6;4;224;2;0
751;7;4;9;2;0
751;8;4;7;2;0
751;9;4;6;2;0
751;10;4;21;2;0
751;11;4;982;2;0
751;12;4;124;2;0
751;1;5;275;2;0
751;2;5;1066;2;0
751;3;5;1180;2;0
751;3;4;1825;2;0
751;1;4;2108;2;0
751;11;3;1710;2;0
751;12;3;4788;2;0
751;2;4;1808;2;0
751;4;4;447;2;0
751;9;1;423;7;0
751;7;2;3137;8;0
751;1;3;1717;8;0
751;3;3;3159;8;0
751;10;2;4073;8;0
751;2;3;1770;8;0
751;4;3;789;8;0
751;9;3;39;8;0
751;5;3;74;8;0
751;10;3;1208;14;0
751;9;2;35;17;0
751;12;2;2086;17;0
751;8;3;55;25;0
751;4;1;352;0;0
752;10;1;7316;1;0
752;11;1;14526;1;0
752;2;2;13462;1;0
752;4;2;2535;1;0
752;12;1;14739;2;0
752;4;1;5976;2;0
752;3;2;13365;2;0
752;1;2;21877;2;0
752;2;1;13925;0;0
752;3;1;11181;0;0
753;11;5;482;0;0
753;10;9;0;0;0
753;3;4;1202;0;0
753;11;3;38;0;0
753;4;5;264;1;0
753;4;6;150;1;0
753;4;2;2753;1;0
753;8;2;9807;1;0
753;8;3;519;1;0
753;6;3;5773;1;0
753;7;3;70;1;0
753;5;2;7398;2;0
753;6;2;10570;2;0
753;9;2;9819;2;0
753;10;2;3894;2;0
753;5;3;8081;2;0
753;10;3;47;3;0
753;4;8;581;13;0
753;2;5;447;14;0
753;2;7;1058;14;0
753;2;8;1216;14;0
753;2;9;1216;14;0
753;2;4;1128;14;0
753;2;6;980;15;0
753;12;7;635;15;0
753;4;9;532;15;0
753;4;4;113;15;0
753;11;4;1057;16;0
753;12;4;938;16;0
753;1;5;1254;16;0
753;3;5;328;16;0
753;12;5;677;16;0
753;1;6;768;16;0
753;3;6;562;16;0
753;3;7;1143;16;0
753;1;8;1507;16;0
753;3;8;883;16;0
753;12;8;766;16;0
753;1;9;1276;16;0
753;3;9;658;16;0
753;1;4;2041;33;0
753;7;2;7308;34;0
753;4;1;5156;0;0
754;8;1;2009;3;0
754;9;1;626;3;0
754;8;1;0;0;0
755;6;1;5852;0;1
755;7;1;6907;0;1
755;8;1;6924;0;1
755;5;1;6707;0;1
755;5;4;5780;0;0
755;5;5;4961;0;0
755;6;5;4421;0;0
755;10;5;4604;0;0
755;11;5;4790;0;0
755;11;6;5690;0;0
755;10;7;5933;0;0
755;10;9;0;0;0
755;7;3;5795;0;0
755;5;4;5780;1;0
755;6;4;5467;1;0
755;7;4;5806;1;0
755;8;4;5803;1;0
755;9;4;5584;1;0
755;10;4;5890;1;0
755;12;1;6407;1;0
755;11;4;5654;1;0
755;12;4;5274;1;0
755;1;5;5046;1;0
755;4;1;5790;1;0
755;2;5;4617;1;0
755;3;5;4951;1;0
755;4;5;4537;1;0
755;7;5;4783;1;0
755;8;5;4779;1;0
755;9;5;4567;1;0
755;9;1;6767;1;0
755;10;1;7155;1;0
755;12;5;2169;1;0
755;1;6;4750;1;0
755;2;6;4459;1;0
755;3;6;4943;1;0
755;11;1;6515;1;0
755;4;6;4582;1;0
755;5;6;4928;1;0
755;6;6;4895;1;0
755;7;6;5091;1;0
755;8;6;5161;1;0
755;9;6;5292;1;0
755;10;6;5383;1;0
755;12;6;5884;1;0
755;1;7;5928;1;0
755;2;7;5559;1;0
755;2;2;6069;1;0
755;3;7;6248;1;0
755;6;7;6177;1;0
755;3;2;6241;1;0
755;7;7;6259;1;0
755;8;7;6022;1;0
755;9;7;5890;1;0
755;1;2;6553;1;0
755;12;7;6780;1;0
755;1;8;6775;1;0
755;2;8;6170;1;0
755;3;8;7504;1;0
755;4;2;6063;1;0
755;4;8;6625;1;0
755;5;8;7112;1;0
755;6;8;6377;1;0
755;5;2;5699;1;0
755;11;7;6231;1;0
755;7;8;6865;1;0
755;8;8;6813;1;0
755;9;8;6884;1;0
755;10;8;6817;1;0
755;11;8;6777;1;0
755;7;2;5856;1;0
755;8;2;6068;1;0
755;12;8;7468;1;0
755;6;2;5345;1;0
755;7;2;5856;1;0
755;1;9;6989;1;0
755;11;2;6277;1;0
755;2;9;6325;1;0
755;9;2;6350;1;0
755;3;9;3283;1;0
755;1;3;6151;1;0
755;3;4;5675;1;0
755;3;3;6283;1;0
755;12;2;6325;1;0
755;1;4;5155;1;0
755;10;2;6448;1;0
755;2;3;5927;1;0
755;8;3;5927;1;0
755;10;3;6030;1;0
755;2;4;5264;1;0
755;11;3;5950;1;0
755;4;3;5735;1;0
755;9;3;5726;1;0
755;12;3;6642;1;0
755;5;3;6145;1;0
755;6;3;5882;1;0
755;4;4;5328;1;0
755;2;1;336;0;0
755;3;1;7207;0;0
756;11;4;55;0;0
756;12;1;43;0;0
756;12;4;98;0;0
756;1;5;117;0;0
756;4;1;1;0;0
756;2;5;86;0;0
756;3;5;51;0;0
756;4;5;3;0;0
756;8;1;100;0;0
756;11;5;30;0;0
756;12;5;74;0;0
756;1;6;89;0;0
756;2;6;54;0;0
756;12;6;198;0;0
756;1;7;111;0;0
756;2;7;107;0;0
756;1;2;66;0;0
756;12;7;150;0;0
756;1;8;127;0;0
756;2;8;100;0;0
756;3;8;50;0;0
756;4;8;52;0;0
756;11;7;46;0;0
756;12;8;201;0;0
756;10;9;0;0;0
756;1;9;120;0;0
756;2;9;85;0;0
756;3;9;51;0;0
756;1;3;96;0;0
756;3;4;75;0;0
756;11;2;34;0;0
756;3;3;65;0;0
756;12;2;88;0;0
756;2;3;84;0;0
756;2;4;220;0;0
756;11;3;42;0;0
756;12;3;74;0;0
757;2;2;12;0;0
757;1;2;3;0;0
757;3;2;25;0;0
757;4;2;23;0;0
757;5;2;19;0;0
757;6;2;10;0;0
757;1;3;121;0;0
757;10;2;114;0;0
757;11;2;65;0;0
757;3;3;68;0;0
757;2;3;56;0;0
757;10;3;107;0;0
757;11;3;41;0;0
757;4;3;47;0;0
757;9;3;69;0;0
757;12;3;100;0;0
757;5;3;48;0;0
757;6;3;39;0;0
758;12;1;178;0;0
758;4;1;55;0;0
758;2;2;150;0;0
758;1;2;379;0;0
758;3;2;80;0;0
758;4;2;39;0;0
758;1;3;355;0;0
758;3;4;247;0;0
758;11;2;103;0;0
758;12;2;299;0;0
758;1;4;276;0;0
758;3;3;189;0;0
758;2;3;252;0;0
758;2;4;217;0;0
758;11;3;105;0;0
758;4;3;10;0;0
758;12;3;168;0;0
758;4;4;94;0;0
758;2;1;326;0;0
759;2;5;610;0;0
759;3;5;443;0;0
759;11;5;320;0;0
759;4;2;6;0;0
759;12;8;500;0;0
759;10;9;0;0;0
759;1;9;650;0;0
759;2;9;400;0;0
759;4;9;1000;0;0
759;1;4;628;0;0
759;3;2;352;1;0
759;12;6;855;1;0
759;1;7;827;1;0
759;2;7;767;1;0
759;2;2;441;1;0
759;3;7;501;1;0
759;1;2;679;1;0
759;12;7;843;1;0
759;1;8;786;1;0
759;2;8;650;1;0
759;4;8;1341;1;0
759;1;3;779;1;0
759;3;4;764;1;0
759;12;2;849;1;0
759;3;3;465;1;0
759;2;3;825;1;0
759;2;4;702;1;0
759;4;3;65;1;0
759;12;3;438;1;0
759;11;3;414;1;0
759;11;4;493;6;0
759;4;4;65;7;0
759;12;4;639;8;0
759;1;5;750;8;0
759;2;6;475;25;0
759;4;6;200;25;0
759;12;5;510;26;0
759;1;6;474;26;0
759;3;6;251;26;0
760;1;8;63;0;0
760;2;8;21;0;0
760;4;8;34;0;0
760;12;8;50;0;0
760;10;9;0;0;0
760;1;9;9;0;0
760;3;9;48;0;0
760;4;1;23;7;0
761;12;1;2219;0;0
761;4;1;1637;0;0
761;10;1;831;0;0
761;11;1;1509;0;0
762;10;4;758;0;0
762;11;4;7441;0;0
762;2;5;12568;0;0
762;3;5;9082;0;0
762;4;5;4748;0;0
762;5;5;270;0;0
762;10;5;883;0;0
762;11;5;5748;0;0
762;12;5;11500;0;0
762;1;6;11694;0;0
762;2;6;12056;0;0
762;3;6;7657;0;0
762;11;1;5544;0;0
762;4;6;3121;0;0
762;10;6;1053;0;0
762;11;6;7448;0;0
762;2;2;4615;0;0
762;3;7;12183;0;0
762;3;2;5332;0;0
762;4;2;1721;0;0
762;11;2;8987;0;0
762;3;4;12566;0;0
762;10;2;2638;0;0
762;3;3;9748;0;0
762;2;3;15485;0;0
762;10;3;1998;0;0
762;2;4;13041;0;0
762;4;3;7045;0;0
762;11;3;7395;0;0
762;4;4;5084;0;0
762;12;1;5421;1;0
762;12;4;12000;1;0
762;1;5;15339;1;0
762;12;6;7397;1;0
762;1;7;23481;1;0
762;2;7;11803;1;0
762;1;2;5648;1;0
762;12;7;14247;1;0
762;1;8;13338;1;0
762;2;8;12486;1;0
762;3;8;8309;1;0
762;4;8;5316;1;0
762;10;7;4767;1;0
762;11;7;8130;1;0
762;10;8;3224;1;0
762;11;8;8512;1;0
762;12;8;13976;1;0
762;10;9;3644;1;0
762;1;9;12448;1;0
762;2;9;15250;1;0
762;3;9;11257;1;0
762;4;9;4996;1;0
762;1;3;11019;1;0
762;12;2;16686;1;0
762;1;4;11463;1;0
762;12;3;11529;1;0
763;10;4;643;0;0
763;2;5;7735;0;0
763;3;5;5900;0;0
763;10;5;438;0;0
763;10;1;3222;0;0
763;12;5;7500;0;0
763;3;6;4316;0;0
763;4;6;2229;0;0
763;10;6;765;0;0
763;11;6;5424;0;0
763;12;6;4980;0;0
763;1;7;14572;0;0
763;2;7;7669;0;0
763;2;2;3793;0;0
763;3;7;8138;0;0
763;3;2;4776;0;0
763;12;7;10000;0;0
763;1;8;5844;0;0
763;2;8;7595;0;0
763;4;2;2515;0;0
763;3;8;4953;0;0
763;4;8;2882;0;0
763;10;7;1997;0;0
763;11;7;5130;0;0
763;10;9;2693;0;0
763;3;9;4750;0;0
763;4;9;2778;0;0
763;3;4;7253;0;0
763;10;2;1183;0;0
763;3;3;4498;0;0
763;2;3;9624;0;0
763;10;3;699;0;0
763;2;4;8882;0;0
763;4;3;2744;0;0
763;4;4;3477;0;0
763;12;1;6515;1;0
763;11;4;4284;1;0
763;12;4;9000;1;0
763;1;5;7519;1;0
763;1;6;5201;1;0
763;2;6;6478;1;0
763;11;1;4080;1;0
763;1;2;8125;1;0
763;11;8;4256;1;0
763;12;8;8998;1;0
763;1;9;5834;1;0
763;11;2;6104;1;0
763;2;9;10218;1;0
763;1;3;8551;1;0
763;12;2;8301;1;0
763;1;4;7799;1;0
763;12;3;5744;1;0
763;11;3;4864;1;0
764;5;4;141;0;0
764;5;4;141;0;0
764;6;4;24;0;0
764;7;4;45;0;0
764;8;4;45;0;0
764;9;4;48;0;0
764;12;1;5017;0;0
764;5;5;336;0;0
764;6;5;35;0;0
764;7;5;40;0;0
764;8;5;35;0;0
764;10;5;529;0;0
764;11;5;4264;0;0
764;10;1;2080;0;0
764;11;1;3338;0;0
764;11;6;5148;0;0
764;2;2;6171;0;0
764;3;2;6641;0;0
764;1;2;8581;0;0
764;4;2;3699;0;0
764;5;2;50;0;0
764;6;2;25;0;0
764;7;2;42;0;0
764;8;2;43;0;0
764;7;2;42;0;0
764;11;2;7016;0;0
764;2;9;10414;0;0
764;9;2;60;0;0
764;1;3;5598;0;0
764;3;4;8203;0;0
764;7;3;50;0;0
764;12;2;9849;0;0
764;10;2;2970;0;0
764;3;3;5559;0;0
764;1;4;6491;0;0
764;2;3;9630;0;0
764;8;3;47;0;0
764;10;3;1586;0;0
764;2;4;8632;0;0
764;4;3;3786;0;0
764;9;3;55;0;0
764;12;3;7433;0;0
764;11;3;4929;0;0
764;5;3;54;0;0
764;6;3;32;0;0
764;4;4;3460;0;0
764;6;7;34;1;0
764;10;4;503;2;0
764;11;4;5463;2;0
764;1;5;8592;2;0
764;2;5;8021;2;0
764;3;5;6772;2;0
764;9;5;48;2;0
764;12;5;8600;2;0
764;1;6;5167;2;0
764;2;6;7453;2;0
764;3;6;5319;2;0
764;4;6;2517;2;0
764;6;6;39;2;0
764;7;6;42;2;0
764;8;6;37;2;0
764;9;6;47;2;0
764;10;6;736;2;0
764;12;6;4701;2;0
764;1;7;15192;2;0
764;2;7;7583;2;0
764;3;7;8786;2;0
764;7;7;32;2;0
764;8;7;37;2;0
764;9;7;58;2;0
764;12;7;10642;2;0
764;1;8;6487;2;0
764;2;8;7248;2;0
764;3;8;7091;2;0
764;4;8;3342;2;0
764;5;8;66;2;0
764;6;8;46;2;0
764;10;7;2475;2;0
764;11;7;5414;2;0
764;7;8;22;2;0
764;8;8;27;2;0
764;9;8;38;2;0
764;10;8;2638;2;0
764;11;8;6936;2;0
764;12;8;8998;2;0
764;10;9;1827;2;0
764;1;9;8903;2;0
764;3;9;5946;2;0
764;4;9;4272;2;0
764;5;9;104;2;0
764;6;9;48;2;0
764;7;9;102;2;0
764;8;9;218;2;0
764;9;9;413;2;0
764;12;4;9000;3;0
764;4;5;3555;4;0
765;10;5;2418;0;0
765;11;5;8702;0;0
765;10;6;1079;0;0
765;11;6;9259;0;0
765;12;6;8952;0;0
765;1;9;14449;0;0
765;10;4;2217;1;0
765;11;1;6530;1;0
765;4;6;5312;1;0
765;4;2;5189;1;0
765;4;8;5955;1;0
765;10;7;3228;1;0
765;10;8;3874;1;0
765;11;8;10250;1;0
765;12;8;11998;1;0
765;10;2;3089;1;0
765;10;3;2451;1;0
765;11;4;8598;2;0
765;1;5;14167;2;0
765;2;5;12921;2;0
765;3;5;11190;2;0
765;4;5;5384;2;0
765;10;1;5210;2;0
765;12;5;17500;2;0
765;1;6;10260;2;0
765;2;6;13373;2;0
765;3;6;9652;2;0
765;1;7;23321;2;0
765;2;7;14640;2;0
765;2;2;11127;2;0
765;3;7;14117;2;0
765;3;2;10497;2;0
765;1;2;15614;2;0
765;12;7;17883;2;0
765;1;8;11074;2;0
765;2;8;15450;2;0
765;3;8;13095;2;0
765;11;7;12038;2;0
765;10;9;4767;2;0
765;11;2;14005;2;0
765;2;9;16691;2;0
765;3;9;8692;2;0
765;4;9;3505;2;0
765;1;3;8913;2;0
765;3;4;12786;2;0
765;3;3;10348;2;0
765;1;4;14224;2;0
765;2;3;15688;2;0
765;2;4;13733;2;0
765;4;3;7851;2;0
765;11;3;10200;2;0
765;4;4;6569;2;0
765;12;1;13733;3;0
765;12;4;15000;3;0
765;12;2;20447;3;0
765;12;3;13008;3;0
766;2;5;4998;0;0
766;10;5;470;0;0
766;11;5;2771;0;0
766;12;5;5600;0;0
766;1;6;3601;0;0
766;2;6;4502;0;0
766;3;6;4074;0;0
766;4;6;2328;0;0
766;10;6;257;0;0
766;11;6;3674;0;0
766;12;6;3149;0;0
766;1;7;10275;0;0
766;2;7;6509;0;0
766;3;7;5814;0;0
766;12;7;8000;0;0
766;1;8;3944;0;0
766;2;8;5512;0;0
766;3;8;4321;0;0
766;4;8;2328;0;0
766;10;7;1217;0;0
766;11;7;3597;0;0
766;10;8;1500;0;0
766;11;8;4235;0;0
766;10;9;2138;0;0
766;1;9;4920;0;0
766;2;9;6370;0;0
766;3;9;4791;0;0
766;4;9;3232;0;0
766;10;4;642;1;0
766;12;1;4049;1;0
766;11;4;2962;1;0
766;12;4;6000;1;0
766;1;5;5545;1;0
766;3;5;3856;1;0
766;4;5;1511;1;0
766;10;1;1092;1;0
766;11;1;2764;1;0
766;2;2;3290;1;0
766;3;2;2887;1;0
766;1;2;4750;1;0
766;4;2;1827;1;0
766;12;8;6998;1;0
766;1;3;3440;1;0
766;3;4;5018;1;0
766;10;2;701;1;0
766;11;2;3879;1;0
766;12;2;7877;1;0
766;3;3;3715;1;0
766;1;4;3468;1;0
766;2;3;6775;1;0
766;10;3;615;1;0
766;2;4;3869;1;0
766;4;3;2291;1;0
766;12;3;3190;1;0
766;11;3;4150;1;0
766;4;4;1446;1;0
767;11;5;4805;0;0
767;4;6;2902;0;0
767;11;6;7197;0;0
767;10;7;3042;0;0
767;10;9;0;0;0
767;1;9;0;0;0
767;10;4;815;1;0
767;12;1;9622;1;0
767;11;4;6409;1;0
767;12;4;9200;1;0
767;1;5;12891;1;0
767;2;5;11350;1;0
767;3;5;7501;1;0
767;4;5;3123;1;0
767;10;1;4757;1;0
767;12;5;9600;1;0
767;1;6;9896;1;0
767;2;6;9863;1;0
767;3;6;8063;1;0
767;11;1;5917;1;0
767;12;6;6658;1;0
767;1;7;17883;1;0
767;2;7;10016;1;0
767;2;2;12960;1;0
767;3;7;11305;1;0
767;3;2;6090;1;0
767;1;2;8990;1;0
767;12;7;10971;1;0
767;1;8;8928;1;0
767;2;8;9533;1;0
767;3;8;8800;1;0
767;4;2;2990;1;0
767;4;8;2304;1;0
767;11;7;5355;1;0
767;11;2;9078;1;0
767;1;3;6987;1;0
767;3;4;8611;1;0
767;10;2;1543;1;0
767;12;2;14467;1;0
767;3;3;7354;1;0
767;1;4;8373;1;0
767;2;3;10913;1;0
767;10;3;1352;1;0
767;2;4;11342;1;0
767;4;3;5402;1;0
767;12;3;8878;1;0
767;11;3;6304;1;0
767;4;4;4720;1;0
768;5;4;38;0;0
768;5;4;38;0;0
768;6;4;49;0;0
768;9;4;39;0;0
768;11;4;3783;0;0
768;12;4;5500;0;0
768;1;5;7332;0;0
768;2;5;6032;0;0
768;3;5;4311;0;0
768;4;5;2410;0;0
768;5;5;66;0;0
768;6;5;61;0;0
768;10;5;549;0;0
768;11;5;3490;0;0
768;11;6;4168;0;0
768;9;7;39;0;0
768;5;2;88;0;0
768;6;2;63;0;0
768;5;9;10;0;0
768;1;4;5202;0;0
768;5;3;28;0;0
768;6;3;64;0;0
768;10;6;512;1;0
768;4;6;2335;2;0
768;4;8;1276;2;0
768;10;8;1632;2;0
768;10;9;1591;2;0
768;12;5;7000;3;0
768;1;6;4128;3;0
768;2;6;5873;3;0
768;3;6;4162;3;0
768;12;6;3877;3;0
768;1;7;11158;3;0
768;2;7;6910;3;0
768;3;7;6450;3;0
768;12;7;8495;3;0
768;1;8;3416;3;0
768;2;8;3793;3;0
768;3;8;5321;3;0
768;10;7;1589;3;0
768;11;7;4038;3;0
768;11;8;3994;3;0
768;12;8;6784;3;0
768;1;9;4683;3;0
768;2;9;7479;3;0
768;3;9;4072;3;0
768;4;9;1903;3;0
768;4;2;2107;13;0
768;10;4;796;18;0
768;10;2;1716;23;0
768;10;3;1150;25;0
768;2;2;3860;30;0
768;2;3;8181;30;0
768;2;4;9772;30;0
768;11;1;3650;33;0
768;11;2;4679;33;0
768;4;3;2938;33;0
768;11;3;4003;33;0
768;4;4;2212;33;0
768;12;1;4929;34;0
768;10;1;2899;34;0
768;3;2;4704;34;0
768;1;2;6404;34;0
768;1;3;2814;34;0
768;3;4;5092;34;0
768;12;2;9018;34;0
768;3;3;4299;34;0
768;12;3;5050;34;0
769;12;1;7095;0;0
769;11;4;4003;0;0
769;12;4;9000;0;0
769;2;5;7143;0;0
769;3;5;4717;0;0
769;4;5;2187;0;0
769;10;5;176;0;0
769;11;5;3388;0;0
769;10;1;2385;0;0
769;12;5;6800;0;0
769;2;6;7453;0;0
769;3;6;3693;0;0
769;11;1;4696;0;0
769;4;6;1002;0;0
769;10;6;367;0;0
769;11;6;4782;0;0
769;12;6;4625;0;0
769;1;7;14636;0;0
769;2;7;8485;0;0
769;2;2;5269;0;0
769;3;7;7680;0;0
769;3;2;5934;0;0
769;12;7;8500;0;0
769;1;8;8632;0;0
769;2;8;7777;0;0
769;4;2;2290;0;0
769;3;8;6465;0;0
769;4;8;2405;0;0
769;10;7;1684;0;0
769;11;7;4921;0;0
769;10;8;1634;0;0
769;11;8;4867;0;0
769;10;9;3926;0;0
769;1;9;6333;0;0
769;11;2;6305;0;0
769;2;9;9772;0;0
769;3;9;4795;0;0
769;4;9;2247;0;0
769;3;4;7642;0;0
769;10;2;1788;0;0
769;12;2;12766;0;0
769;3;3;5266;0;0
769;1;4;8479;0;0
769;2;3;11301;0;0
769;2;4;8898;0;0
769;4;3;2594;0;0
769;12;3;4552;0;0
769;11;3;6847;0;0
769;4;4;3397;0;0
769;1;5;8766;1;0
769;1;6;7086;1;0
769;1;2;8316;1;0
769;12;8;10999;1;0
769;1;3;8331;1;0
770;10;5;451;0;0
770;11;5;3526;0;0
770;10;6;300;0;0
770;11;6;4761;0;0
770;12;8;10496;0;0
770;10;9;2323;0;0
770;10;4;249;1;0
770;11;4;5613;1;0
770;4;5;3006;1;0
770;2;6;7401;1;0
770;11;1;4634;1;0
770;4;6;2601;1;0
770;12;7;9062;1;0
770;2;8;6401;1;0
770;4;2;3349;1;0
770;4;8;1805;1;0
770;10;7;2115;1;0
770;11;7;6021;1;0
770;10;8;5172;1;0
770;11;8;6773;1;0
770;1;9;11452;1;0
770;2;9;9480;1;0
770;3;9;6680;1;0
770;4;9;1797;1;0
770;10;3;1522;1;0
770;12;1;6536;2;0
770;12;4;8800;2;0
770;1;5;9044;2;0
770;2;5;8162;2;0
770;3;5;5642;2;0
770;10;1;2712;2;0
770;12;5;7100;2;0
770;1;6;8224;2;0
770;3;6;5086;2;0
770;12;6;4561;2;0
770;1;7;13500;2;0
770;2;7;8535;2;0
770;2;2;6935;2;0
770;3;7;7469;2;0
770;3;2;5366;2;0
770;1;2;9965;2;0
770;1;8;5536;2;0
770;3;8;6427;2;0
770;11;2;6103;2;0
770;1;3;6232;2;0
770;3;4;6780;2;0
770;10;2;1694;2;0
770;12;2;10787;2;0
770;3;3;5274;2;0
770;1;4;6835;2;0
770;2;3;8925;2;0
770;2;4;9201;2;0
770;4;3;4499;2;0
770;12;3;7314;2;0
770;11;3;5770;2;0
770;4;4;3889;2;0
771;5;4;217;0;0
771;5;5;915;0;0
771;6;5;234;0;0
771;10;5;1053;0;0
771;11;5;1800;0;0
771;11;6;3048;0;0
771;5;3;137;0;0
771;6;2;113;12;0
771;10;8;2427;23;0
771;4;5;2067;27;0
771;2;5;3915;30;0
771;2;7;4230;30;0
771;2;2;3570;30;0
771;2;8;3913;30;0
771;2;9;4282;30;0
771;2;3;6015;30;0
771;2;4;3915;30;0
771;2;6;5281;31;0
771;6;4;335;32;0
771;9;4;236;32;0
771;11;4;3672;32;0
771;1;5;5282;32;0
771;9;5;134;32;0
771;11;1;3497;32;0
771;4;6;2072;32;0
771;6;6;234;32;0
771;9;6;232;32;0
771;6;7;184;32;0
771;9;7;236;32;0
771;4;2;1852;32;0
771;4;8;491;32;0
771;6;8;185;32;0
771;11;7;3152;32;0
771;11;8;5281;32;0
771;9;2;185;32;0
771;4;9;921;32;0
771;6;9;207;32;0
771;9;9;205;32;0
771;11;2;3048;32;0
771;4;3;2378;32;0
771;9;3;80;32;0
771;11;3;3672;32;0
771;6;3;62;32;0
771;4;4;1154;32;0
771;5;4;217;33;0
771;7;4;233;33;0
771;8;4;233;33;0
771;10;4;1053;33;0
771;12;1;4612;33;0
771;12;4;4500;33;0
771;3;5;3153;33;0
771;7;5;233;33;0
771;8;5;333;33;0
771;10;1;3195;33;0
771;1;6;4176;33;0
771;3;6;2461;33;0
771;5;6;543;33;0
771;7;6;233;33;0
771;8;6;233;33;0
771;10;6;241;33;0
771;12;6;3656;33;0
771;1;7;6770;33;0
771;3;7;2633;33;0
771;3;2;2945;33;0
771;7;7;83;33;0
771;8;7;233;33;0
771;1;2;5005;33;0
771;12;7;4086;33;0
771;1;8;4520;33;0
771;3;8;3908;33;0
771;5;2;125;33;0
771;5;8;186;33;0
771;10;7;2073;33;0
771;7;8;132;33;0
771;8;8;141;33;0
771;8;2;73;33;0
771;12;8;6241;33;0
771;10;9;1869;33;0
771;7;2;93;33;0
771;1;9;3670;33;0
771;3;9;3153;33;0
771;5;9;337;33;0
771;7;9;233;33;0
771;8;9;203;33;0
771;1;3;6228;33;0
771;3;4;3361;33;0
771;10;2;1971;33;0
771;7;3;96;33;0
771;12;2;3143;33;0
771;3;3;4193;33;0
771;1;4;5567;33;0
771;8;3;63;33;0
771;10;3;1155;33;0
771;12;3;4713;33;0
771;12;5;3200;37;0
772;10;5;684;0;0
772;11;5;1832;0;0
772;11;6;1832;0;0
772;4;2;483;12;0
772;11;1;1950;16;0
772;10;6;682;19;0
772;10;2;1704;21;0
772;10;8;1552;22;0
772;10;9;1552;22;0
772;4;5;1045;25;0
772;2;5;2500;28;0
772;2;7;2706;28;0
772;2;2;2175;28;0
772;2;8;2603;28;0
772;2;9;2809;28;0
772;2;3;2684;28;0
772;2;4;2912;28;0
772;2;6;2501;29;0
772;10;3;1661;29;0
772;11;4;1987;30;0
772;4;6;403;30;0
772;4;8;800;30;0
772;11;7;1987;30;0
772;11;8;1781;30;0
772;4;9;922;30;0
772;11;2;2348;30;0
772;4;3;1206;30;0
772;11;3;2039;30;0
772;4;4;795;30;0
772;10;4;1551;31;0
772;12;1;2231;31;0
772;12;4;2000;31;0
772;1;5;3018;31;0
772;3;5;2091;31;0
772;12;5;3200;31;0
772;1;6;1909;31;0
772;10;1;1052;31;0
772;3;6;2091;31;0
772;12;6;2073;31;0
772;1;7;4375;31;0
772;3;7;2503;31;0
772;3;2;1637;31;0
772;1;2;2632;31;0
772;12;7;2059;31;0
772;1;8;3462;31;0
772;3;8;2297;31;0
772;10;7;1968;31;0
772;12;8;2136;31;0
772;1;9;4003;31;0
772;3;9;2091;31;0
772;1;3;3112;31;0
772;3;4;2915;31;0
772;12;2;3070;31;0
772;3;3;2040;31;0
772;1;4;3224;31;0
772;12;3;1885;31;0
773;5;4;100;0;0
773;5;4;100;0;0
773;10;5;267;0;0
773;11;5;1525;0;0
773;11;6;2253;0;0
773;2;8;1927;0;0
773;10;9;1543;0;0
773;1;4;2431;0;0
773;10;6;317;1;0
773;11;1;2000;6;0
773;10;7;1008;9;0
773;10;8;1136;13;0
773;10;4;414;14;0
773;4;5;1117;15;0
773;2;2;3624;15;0
773;2;3;3365;15;0
773;2;4;3056;15;0
773;2;5;2956;16;0
773;2;7;2641;16;0
773;4;2;871;16;0
773;2;9;2456;16;0
773;10;2;1546;16;0
773;11;2;1417;16;0
773;4;3;1750;16;0
773;10;3;628;16;0
773;11;3;2772;16;0
773;4;4;1225;16;0
773;11;4;1582;17;0
773;12;1;1113;17;0
773;3;2;617;17;0
773;10;1;1267;17;0
773;2;6;2590;17;0
773;4;6;1088;17;0
773;1;2;3868;17;0
773;4;8;804;17;0
773;11;7;2097;17;0
773;11;8;1889;17;0
773;4;9;1292;17;0
773;1;3;3212;17;0
773;3;4;2560;17;0
773;12;2;3415;17;0
773;3;3;1889;17;0
773;12;3;2045;17;0
773;12;4;3200;18;0
773;1;5;2947;18;0
773;3;5;1942;18;0
773;12;5;2700;18;0
773;1;6;2035;18;0
773;3;6;1890;18;0
773;12;6;2409;18;0
773;1;7;3222;18;0
773;3;7;2514;18;0
773;12;7;4090;18;0
773;1;8;1367;18;0
773;3;8;1401;18;0
773;12;8;2279;18;0
773;1;9;3615;18;0
773;3;9;1841;18;0
774;5;5;271;0;0
774;10;5;676;0;0
774;11;5;1918;0;0
774;11;6;2475;0;0
774;4;2;86;6;0
774;11;1;1999;8;0
774;10;6;707;10;0
774;10;4;384;12;0
774;10;8;1460;12;0
774;10;9;1576;12;0
774;10;2;557;12;0
774;4;5;1509;13;0
774;4;8;728;14;0
774;2;5;3813;15;0
774;2;6;3145;15;0
774;2;7;3410;15;0
774;2;8;2689;15;0
774;2;9;3711;15;0
774;2;3;4694;15;0
774;2;4;3813;15;0
774;10;3;808;15;0
774;11;4;2200;16;0
774;12;4;4800;16;0
774;12;1;2299;16;0
774;1;5;2111;16;0
774;3;5;2935;16;0
774;12;5;3400;16;0
774;1;6;2752;16;0
774;10;1;385;16;0
774;3;6;2380;16;0
774;4;6;1488;16;0
774;12;6;1997;16;0
774;1;7;5269;16;0
774;2;2;1558;16;0
774;3;7;3395;16;0
774;3;2;2474;16;0
774;1;2;3300;16;0
774;12;7;2634;16;0
774;1;8;4377;16;0
774;3;8;3392;16;0
774;11;7;2683;16;0
774;11;8;2389;16;0
774;12;8;2495;16;0
774;1;9;5502;16;0
774;3;9;2041;16;0
774;4;9;676;16;0
774;1;3;3896;16;0
774;3;4;3596;16;0
774;11;2;2587;16;0
774;12;2;4114;16;0
774;3;3;2549;16;0
774;1;4;2074;16;0
774;4;3;2250;16;0
774;12;3;4754;16;0
774;11;3;2390;16;0
774;4;4;2056;16;0
774;10;7;1770;17;0
775;5;4;662;0;0
775;5;4;662;0;0
775;6;4;528;0;0
775;7;4;333;0;0
775;8;4;576;0;0
775;9;4;699;0;0
775;10;4;1649;0;0
775;12;1;6713;0;0
775;5;5;887;0;0
775;6;5;691;0;0
775;10;5;2622;0;0
775;11;5;5115;0;0
775;10;1;4288;0;0
775;11;1;6407;0;0
775;11;6;4388;0;0
775;2;2;6889;0;0
775;3;2;5608;0;0
775;1;2;8640;0;0
775;4;2;1334;0;0
775;5;2;604;0;0
775;6;2;548;0;0
775;8;2;337;0;0
775;12;8;5289;0;0
775;10;9;1838;0;0
775;7;2;560;0;0
775;1;9;14891;0;0
775;11;2;6555;0;0
775;2;9;7968;0;0
775;9;2;1013;0;0
775;3;9;6901;0;0
775;4;9;3713;0;0
775;5;9;2988;0;0
775;6;9;242;0;0
775;1;3;9269;0;0
775;3;4;7515;0;0
775;10;2;1964;0;0
775;7;3;521;0;0
775;12;2;8550;0;0
775;3;3;5931;0;0
775;1;4;5667;0;0
775;2;3;8693;0;0
775;8;3;628;0;0
775;2;4;7124;0;0
775;4;3;5035;0;0
775;9;3;622;0;0
775;10;3;2383;0;0
775;11;3;5677;0;0
775;5;3;328;0;0
775;12;3;10494;0;0
775;6;3;571;0;0
775;4;4;4491;0;0
775;11;4;5838;1;0
775;12;4;11000;1;0
775;1;5;3752;1;0
775;2;5;7583;1;0
775;3;5;6164;1;0
775;4;5;4199;1;0
775;7;5;241;1;0
775;9;5;334;1;0
775;12;5;9000;1;0
775;1;6;7580;1;0
775;2;6;7985;1;0
775;3;6;6128;1;0
775;4;6;3860;1;0
775;5;6;1774;1;0
775;6;6;983;1;0
775;7;6;711;1;0
775;8;6;717;1;0
775;9;6;622;1;0
775;10;6;2450;1;0
775;12;6;5300;1;0
775;1;7;14626;1;0
775;2;7;7719;1;0
775;3;7;8087;1;0
775;6;7;461;1;0
775;7;7;479;1;0
775;8;7;968;1;0
775;9;7;1319;1;0
775;12;7;7613;1;0
775;1;8;9847;1;0
775;2;8;8115;1;0
775;3;8;5718;1;0
775;4;8;3997;1;0
775;5;8;823;1;0
775;6;8;679;1;0
775;10;7;2610;1;0
775;11;7;5447;1;0
775;7;8;681;1;0
775;8;8;673;1;0
775;9;8;794;1;0
775;10;8;3060;1;0
775;11;8;6211;1;0
776;5;5;376;0;0
776;10;5;282;0;0
776;11;5;2213;0;0
776;11;6;3457;0;0
776;12;7;7432;0;0
776;10;6;778;13;0
776;4;2;1839;13;0
776;4;6;893;16;0
776;11;1;3040;19;0
776;4;8;1949;20;0
776;10;8;1487;22;0
776;10;2;1431;22;0
776;10;9;2286;23;0
776;10;4;125;24;0
776;10;3;954;24;0
776;4;5;1317;26;0
776;10;7;984;26;0
776;4;9;2811;27;0
776;2;5;5436;30;0
776;2;7;5567;30;0
776;2;2;7000;30;0
776;2;8;5203;30;0
776;2;9;6386;30;0
776;2;3;6512;30;0
776;2;4;6566;30;0
776;2;6;5755;31;0
776;11;4;3222;32;0
776;11;7;3741;32;0
776;11;8;3870;32;0
776;11;2;3706;32;0
776;4;3;1943;32;0
776;11;3;3587;32;0
776;4;4;1678;32;0
776;12;4;7200;33;0
776;12;1;4858;33;0
776;1;5;6383;33;0
776;3;5;3928;33;0
776;12;5;4500;33;0
776;1;6;6393;33;0
776;10;1;2090;33;0
776;3;6;3290;33;0
776;12;6;3222;33;0
776;1;7;9096;33;0
776;3;7;4866;33;0
776;3;2;1709;33;0
776;1;2;5678;33;0
776;1;8;4607;33;0
776;3;8;5192;33;0
776;12;8;5996;33;0
776;1;9;6017;33;0
776;3;9;4012;33;0
776;1;3;6171;33;0
776;3;4;4758;33;0
776;12;2;5076;33;0
776;3;3;3878;33;0
776;1;4;4537;33;0
776;12;3;6107;33;0
777;12;4;1800;0;0
777;12;1;1397;0;0
777;1;5;2361;0;0
777;2;5;1652;0;0
777;3;5;1265;0;0
777;3;2;932;0;0
777;4;5;631;0;0
777;5;5;102;0;0
777;11;5;912;0;0
777;12;5;1900;0;0
777;1;6;1421;0;0
777;10;1;740;0;0
777;2;6;1744;0;0
777;3;6;1150;0;0
777;4;6;565;0;0
777;11;1;1100;0;0
777;10;6;225;0;0
777;11;6;1093;0;0
777;12;6;1017;0;0
777;1;7;2395;0;0
777;2;7;1519;0;0
777;2;2;610;0;0
777;3;7;1275;0;0
777;1;2;3583;0;0
777;12;7;1785;0;0
777;1;8;1556;0;0
777;2;8;1202;0;0
777;4;2;705;0;0
777;3;8;1195;0;0
777;4;8;575;0;0
777;10;7;408;0;0
777;11;7;993;0;0
777;10;8;314;0;0
777;11;8;1486;0;0
777;12;8;1554;0;0
777;10;9;445;0;0
777;1;9;783;0;0
777;2;9;1921;0;0
777;3;9;1374;0;0
777;4;9;230;0;0
777;1;3;2291;0;0
777;3;4;1353;0;0
777;10;2;299;0;0
777;11;2;1444;0;0
777;12;2;2322;0;0
777;3;3;1604;0;0
777;1;4;1610;0;0
777;2;3;2700;0;0
777;2;4;2674;0;0
777;4;3;879;0;0
777;11;3;840;0;0
777;12;3;1786;0;0
777;4;4;966;0;0
777;11;4;1079;1;0
778;10;4;436;0;0
778;11;4;1575;0;0
778;12;4;2100;0;0
778;12;1;2072;0;0
778;1;5;2353;0;0
778;2;5;2438;0;0
778;3;5;1680;0;0
778;5;5;248;0;0
778;10;5;543;0;0
778;12;5;2300;0;0
778;1;6;1626;0;0
778;10;1;676;0;0
778;2;6;2068;0;0
778;3;6;1575;0;0
778;4;6;1181;0;0
778;11;1;1510;0;0
778;10;6;428;0;0
778;11;6;1344;0;0
778;12;6;1462;0;0
778;1;7;3533;0;0
778;2;7;2027;0;0
778;2;2;1895;0;0
778;3;7;1955;0;0
778;3;2;1476;0;0
778;1;2;2478;0;0
778;12;7;2126;0;0
778;1;8;1897;0;0
778;2;8;1664;0;0
778;4;2;374;0;0
778;3;8;1501;0;0
778;4;8;1307;0;0
778;10;7;920;0;0
778;11;7;1743;0;0
778;10;8;887;0;0
778;11;8;1438;0;0
778;12;8;1690;0;0
778;10;9;510;0;0
778;1;9;1505;0;0
778;2;9;2279;0;0
778;3;9;1412;0;0
778;4;9;1122;0;0
778;1;3;2332;0;0
778;3;4;2100;0;0
778;10;2;714;0;0
778;11;2;1586;0;0
778;12;2;2205;0;0
778;3;3;1698;0;0
778;1;4;2226;0;0
778;2;3;2671;0;0
778;2;4;2586;0;0
778;4;3;1723;0;0
778;10;3;602;0;0
778;11;3;1450;0;0
778;12;3;1630;0;0
778;4;4;1306;0;0
779;12;4;952;0;0
779;1;5;913;0;0
779;2;5;735;0;0
779;3;5;380;0;0
779;12;5;988;0;0
779;1;6;908;0;0
779;10;1;227;0;0
779;2;6;745;0;0
779;3;6;94;0;0
779;11;6;374;0;0
779;12;6;998;0;0
779;1;7;1008;0;0
779;2;7;840;0;0
779;3;7;697;0;0
779;1;2;2313;0;0
779;12;7;780;0;0
779;1;8;787;0;0
779;2;8;635;0;0
779;3;8;624;0;0
779;12;8;785;0;0
779;10;9;0;0;0
779;1;9;824;0;0
779;2;9;682;0;0
779;3;9;655;0;0
779;3;4;707;0;0
779;4;3;329;0;0
779;4;2;809;6;0
779;10;3;1000;7;0
779;11;1;2174;12;0
779;2;3;2712;14;0
779;2;4;2769;14;0
779;11;2;2502;15;0
779;12;1;2336;16;0
779;2;2;2339;16;0
779;3;2;2056;16;0
779;1;3;2841;16;0
779;12;2;3033;16;0
779;3;3;2504;16;0
779;1;4;2738;16;0
779;12;3;3899;16;0
779;10;2;1095;20;0
779;11;3;2196;21;0
780;12;4;639;0;0
780;1;5;735;0;0
780;2;5;466;0;0
780;3;5;543;0;0
780;3;2;904;0;0
780;4;5;93;0;0
780;11;5;365;0;0
780;12;5;461;0;0
780;1;6;624;0;0
780;2;6;569;0;0
780;4;6;256;0;0
780;12;6;260;0;0
780;1;7;931;0;0
780;2;7;536;0;0
780;3;7;545;0;0
780;12;7;188;0;0
780;2;2;336;0;0
780;1;8;;0;0
780;2;8;300;0;0
780;3;8;1638;0;0
780;11;7;189;0;0
780;10;8;70;0;0
780;11;8;205;0;0
780;12;8;492;0;0
780;10;9;0;0;0
780;1;9;343;0;0
780;3;9;312;0;0
780;4;9;616;0;0
780;1;3;633;0;0
780;3;4;599;0;0
780;11;2;266;0;0
780;12;2;512;0;0
780;3;3;282;0;0
780;1;4;633;0;0
780;2;3;713;0;0
780;2;4;572;0;0
780;4;3;174;0;0
780;12;3;440;0;0
780;11;3;116;16;0
782;5;4;122;0;0
782;5;4;122;0;0
782;6;4;131;0;0
782;7;4;150;0;0
782;8;4;100;0;0
782;9;4;153;0;0
782;10;4;153;0;0
782;11;4;468;0;0
782;12;4;1115;0;0
782;1;5;1258;0;0
782;2;5;871;0;0
782;3;5;1040;0;0
782;4;5;408;0;0
782;5;5;313;0;0
782;6;5;296;0;0
782;7;5;200;0;0
782;8;5;200;0;0
782;9;5;204;0;0
782;10;5;204;0;0
782;11;5;520;0;0
782;12;5;485;0;0
782;1;6;1400;0;0
782;2;6;1155;0;0
782;3;6;1560;0;0
782;4;6;816;0;0
782;5;6;612;0;0
782;6;6;303;0;0
782;7;6;300;0;0
782;9;6;306;0;0
782;10;6;306;0;0
782;11;6;728;0;0
782;12;6;6240;0;0
782;1;7;1575;0;0
782;2;7;787;0;0
782;3;7;832;0;0
782;6;7;101;0;0
782;8;7;200;0;0
782;9;7;204;0;0
782;12;7;718;0;0
782;1;8;1550;0;0
782;2;8;920;0;0
782;3;8;621;0;0
782;4;8;408;0;0
782;5;8;306;0;0
782;10;7;306;0;0
782;11;7;312;0;0
782;7;8;250;0;0
782;8;8;200;0;0
782;9;8;204;0;0
782;11;8;322;0;0
782;12;8;1117;0;0
782;10;9;357;0;0
782;1;9;1619;0;0
782;2;9;787;0;0
782;3;9;832;0;0
782;4;9;408;0;0
782;5;9;306;0;0
782;6;9;152;0;0
782;7;9;200;0;0
782;8;9;200;0;0
782;9;9;204;0;0
782;3;4;1092;0;0
782;1;4;1475;0;0
782;2;4;735;0;0
782;12;3;5900;0;0
782;4;4;306;0;0
782;8;6;300;0;0
783;11;4;100;0;0
783;12;4;112;0;0
783;1;5;135;0;0
783;2;5;134;0;0
783;3;5;66;0;0
783;4;5;34;0;0
783;11;5;70;0;0
783;12;5;88;0;0
783;1;6;124;0;0
783;4;6;32;0;0
783;11;6;92;0;0
783;12;6;102;0;0
783;1;7;139;0;0
783;2;7;134;0;0
783;3;7;116;0;0
783;12;7;115;0;0
783;1;8;128;0;0
783;2;8;139;0;0
783;3;8;105;0;0
783;4;8;48;0;0
783;11;7;40;0;0
783;11;8;28;0;0
783;10;9;0;0;0
783;1;9;253;0;0
783;2;9;184;0;0
783;3;9;79;0;0
783;4;9;43;0;0
783;3;4;131;0;0
783;1;4;194;0;0
783;2;4;119;0;0
783;10;3;29;0;0
783;11;3;95;0;0
783;12;3;103;0;0
783;4;4;30;0;0
784;5;4;1368;0;0
784;5;4;1368;0;0
784;11;4;504;0;0
784;12;4;764;0;0
784;1;5;530;0;0
784;2;5;525;0;0
784;3;5;520;0;0
784;4;5;91;0;0
784;11;5;400;0;0
784;12;5;598;0;0
784;1;6;504;0;0
784;4;6;430;0;0
784;1;7;693;0;0
784;2;7;593;0;0
784;12;7;620;0;0
784;1;8;529;0;0
784;2;8;723;0;0
784;3;8;417;0;0
784;4;8;291;0;0
784;11;7;657;0;0
784;10;8;133;0;0
784;11;8;348;0;0
784;12;8;600;0;0
784;10;9;0;0;0
784;1;9;696;0;0
784;2;9;756;0;0
784;3;9;458;0;0
784;4;9;388;0;0
784;3;4;1200;0;0
785;1;8;1546;0;0
785;2;8;1110;0;0
785;3;8;1119;0;0
785;4;8;365;0;0
785;10;7;536;0;0
785;7;8;15;0;0
785;10;8;76;0;0
785;10;9;566;0;0
785;1;9;0;0;0
785;2;9;12407;0;0
785;3;9;19284;0;0
785;4;9;3642;0;0
785;5;9;11596;0;0
785;6;9;32;0;0
785;7;9;11;0;0
785;8;9;11;0;0
785;9;9;14;0;0
786;3;8;682;0;0
786;10;9;0;0;0
786;10;8;181;7;0
786;4;8;226;10;0
786;4;9;213;11;0
786;2;8;1079;15;0
786;2;9;939;15;0
786;11;8;531;16;0
786;1;8;1003;17;0
786;12;8;1117;17;0
786;1;9;674;17;0
786;3;9;545;17;0
787;1;8;307;0;0
787;3;8;244;0;0
787;4;8;155;0;0
787;10;8;54;0;0
787;11;8;131;0;0
787;12;8;263;0;0
787;10;9;69;0;0
787;1;9;173;0;0
787;2;9;258;0;0
787;3;9;163;0;0
787;4;9;88;0;0
787;5;9;11;0;0
788;3;8;80;0;0
788;4;8;15;0;0
788;10;9;0;0;0
788;1;9;0;0;0
789;10;9;60;0;0
789;4;9;153;22;0
789;2;9;1137;29;0
789;12;8;1342;32;0
789;1;9;1259;32;0
789;3;9;577;32;0
789;11;8;1078;43;0
790;10;9;171;0;0
